,id,mean_bert,std_bert,min_bert,max_bert
0,1,-0.005427716,0.47819299,-3.6928043,3.3761559
1,2,-0.005597956,0.48220947,-3.6781118,3.3638763
2,3,-0.005636904,0.48076335,-3.7104948,3.3471665
3,4,-0.0059738494,0.48333153,-3.7174168,3.3639207
4,5,-0.0060145617,0.48477045,-3.723876,3.4232152
5,6,-0.0054826066,0.4770733,-3.6933348,3.3857274
6,7,-0.005664695,0.48062983,-3.6614478,3.3889134
7,8,-0.0059090345,0.47986212,-3.664339,3.361263
8,9,-0.0020302553,0.44333994,-3.3397777,3.2170067
9,10,-0.006023239,0.4813208,-3.7420022,3.3936374
10,11,-0.0055882074,0.47758678,-3.698353,3.323823
11,12,-0.0054257107,0.47794804,-3.6894145,3.368375
12,13,-0.005530655,0.47850278,-3.6498632,3.3005528
13,14,-0.0051889154,0.47598657,-3.6414797,3.3571315
14,15,-0.0045342096,0.47006822,-3.6102695,3.2346995
15,16,-0.005921956,0.4847696,-3.7680616,3.3769693
16,17,-0.005443901,0.47954956,-3.7112486,3.3628354
17,18,0.006576518,0.378168,-2.4723938,1.4611951
18,19,-0.0025715858,0.44917834,-3.4235322,3.3316174
19,20,-0.005522523,0.47919717,-3.6988332,3.3830266
20,21,-0.0053642006,0.47819906,-3.7206457,3.2979329
21,22,-0.0055620843,0.47811386,-3.700693,3.3112204
22,23,-0.0056044925,0.4792894,-3.6357312,3.4301248
23,24,-0.005720277,0.48386553,-3.743391,3.3616917
24,25,-0.0030575078,0.4419129,-3.087284,2.9636354
25,26,-0.005375199,0.4785994,-3.669951,3.3771615
26,27,0.0017366916,0.3454386,-2.1550088,2.2563353
27,28,-0.0057289717,0.47978535,-3.719201,3.3157017
28,29,-0.005648008,0.47924972,-3.7191305,3.4512532
29,30,-0.005925951,0.48148465,-3.6938813,3.3831434
30,31,-0.005234252,0.4734652,-3.6493592,3.295677
31,32,-0.005807923,0.47895047,-3.6791914,3.3723297
32,33,-0.00584005,0.477895,-3.6958413,3.3935964
33,34,-0.0062069837,0.4827647,-3.750362,3.4346752
34,35,-0.0059177238,0.47993457,-3.7069113,3.3929646
35,36,-0.0030048501,0.44728616,-3.3441765,3.1423821
36,37,-0.006058887,0.48258278,-3.7550156,3.3495803
37,38,-0.006071597,0.48180872,-3.647595,3.3218567
38,39,-0.005823543,0.48004612,-3.7051065,3.4453416
39,40,-0.0054201926,0.47788975,-3.6465073,3.401366
40,41,-0.0056380727,0.47856364,-3.6653821,3.4214659
41,42,-0.0057132095,0.47838113,-3.686286,3.358477
42,43,-0.005531372,0.47862604,-3.6942883,3.3439934
43,44,-0.0044697355,0.47017068,-3.6337364,3.2193217
44,45,-0.0022378427,0.44102,-3.1513193,3.084384
45,46,0.0064061913,0.37798202,-2.5185156,1.4801474
46,47,-0.0007222568,0.41865703,-2.988146,2.9305782
47,48,-0.0052201804,0.4767547,-3.642823,3.4272337
48,49,0.007903203,0.26283285,-2.0309377,1.1989434
49,50,-0.0062024123,0.48227945,-3.7108681,3.3146815
50,51,-0.0057201427,0.48029497,-3.6892257,3.3776019
51,52,-0.0032402265,0.45489648,-3.2009485,3.1621487
52,53,0.0004365832,0.40443408,-2.8159828,2.5899887
53,54,-0.0057851,0.48250654,-3.7121253,3.3355064
54,55,-0.0056250338,0.47722742,-3.619827,3.3441274
55,56,-0.006084858,0.48609963,-3.7413452,3.3958368
56,57,-0.006155264,0.4818595,-3.728283,3.3290071
57,58,-0.0023540733,0.44801816,-3.188353,2.9346032
58,59,-0.0033330482,0.44587597,-2.7898664,2.8991413
59,60,-0.005571818,0.48014292,-3.6838698,3.3118277
60,61,-0.00022693693,0.40307066,-2.8137226,2.7509499
61,62,-0.0044406955,0.46971557,-3.3815804,3.2389288
62,63,-0.0058041154,0.47986123,-3.6720896,3.3835335
63,64,-0.006413413,0.48724744,-3.7599187,3.398043
64,65,-0.0012362093,0.43003154,-2.9500318,3.0010397
65,66,-0.005904958,0.4810416,-3.687113,3.4001465
66,67,-0.0038937004,0.45890984,-3.3320343,3.3165846
67,68,-0.0003178936,0.4177517,-2.5008738,2.9383636
68,69,-0.005741928,0.4795114,-3.70256,3.3391716
69,70,-0.004611193,0.46950963,-3.6033385,3.2540154
70,71,-0.0055615394,0.47888327,-3.6372697,3.2697961
71,72,-0.0057158396,0.48357943,-3.7695363,3.3352008
72,73,-0.002387989,0.43788785,-3.0816646,3.2027476
73,74,-0.005018771,0.47005188,-3.6348069,3.237996
74,75,-0.006111115,0.4802576,-3.6873322,3.364472
75,76,-0.006111115,0.4802576,-3.6873322,3.364472
76,77,-0.0021796962,0.43197426,-3.0913575,3.0805204
77,78,-0.0055799815,0.4794286,-3.6232843,3.4255013
78,79,-0.00589091,0.4805362,-3.641576,3.4189782
79,80,-0.004489174,0.46244127,-3.4195197,3.4124253
80,81,-0.0053981007,0.47873113,-3.6480653,3.432482
81,82,-0.0058317706,0.47935072,-3.679161,3.320892
82,83,-0.0063119507,0.4838288,-3.6879177,3.3683326
83,84,-0.0028507635,0.45981112,-2.8145485,3.2305567
84,85,-0.0013586698,0.43292427,-2.4301288,3.0440204
85,86,0.006378422,0.38990468,-2.4724288,1.5734574
86,87,-0.005415316,0.47845027,-3.6663406,3.390748
87,88,-0.0056610326,0.48013145,-3.7084835,3.3446643
88,89,-0.006111115,0.4802576,-3.6873322,3.364472
89,90,-0.006111115,0.4802576,-3.6873322,3.364472
90,91,-0.006111115,0.4802576,-3.6873322,3.364472
91,92,-0.006111115,0.4802576,-3.6873322,3.364472
92,93,-0.006111115,0.4802576,-3.6873322,3.364472
93,94,-0.006111115,0.4802576,-3.6873322,3.364472
94,95,-0.006111115,0.4802576,-3.6873322,3.364472
95,96,-0.006111115,0.4802576,-3.6873322,3.364472
96,97,-0.006111115,0.4802576,-3.6873322,3.364472
97,98,-0.006111115,0.4802576,-3.6873322,3.364472
98,99,-0.006111115,0.4802576,-3.6873322,3.364472
99,100,-0.006111115,0.4802576,-3.6873322,3.364472
100,101,-0.006111115,0.4802576,-3.6873322,3.364472
101,102,-0.006111115,0.4802576,-3.6873322,3.364472
102,103,-0.0021170804,0.434609,-3.1511981,3.2536805
103,104,-0.005982583,0.47900423,-3.6726153,3.3692899
104,105,-0.0054267645,0.47631368,-3.6595805,3.3067758
105,106,-0.0057262313,0.47679648,-3.6760511,3.3348582
106,107,-0.0016440706,0.43637347,-3.1536143,3.0188591
107,108,-0.0056109414,0.48006806,-3.6878524,3.334336
108,109,0.007963003,0.30914035,-2.279661,1.4408524
109,110,-0.005125562,0.47359142,-3.6608458,3.2663953
110,111,-0.005846072,0.48120576,-3.6864753,3.2966845
111,112,0.00064253557,0.4071448,-2.5793839,2.9180686
112,113,-0.005793251,0.4799572,-3.6958492,3.323917
113,114,-0.005810804,0.47684246,-3.6700113,3.3305078
114,115,-0.0023761832,0.4364795,-2.8827608,3.1710055
115,116,-0.002286841,0.43743974,-3.0036652,3.0190606
116,117,-0.0019552456,0.44746473,-3.1084936,3.100887
117,118,-0.0057718144,0.4822295,-3.6653337,3.2773843
118,119,-0.0057167686,0.4804669,-3.7505035,3.2915468
119,120,-0.0050230226,0.47466797,-3.67373,3.2681978
120,121,0.006513961,0.36708906,-2.4037418,1.5317872
121,122,-0.0048562433,0.47638482,-3.5922744,3.349073
122,123,0.007287079,0.31924847,-2.1665177,1.4018657
123,124,-0.0013773603,0.41743627,-2.6986995,3.0461907
124,125,-0.0059338906,0.48211098,-3.6021092,3.3921988
125,126,-0.0053756055,0.4783793,-3.688687,3.2694867
126,127,-0.0029302228,0.4569864,-3.0432615,2.6831107
127,128,0.0067819483,0.36687878,-2.382708,1.4381946
128,129,-0.0053633787,0.47653893,-3.6160567,3.4156566
129,130,-0.0054192413,0.47518176,-3.6376202,3.3658707
130,131,0.001459113,0.36524108,-2.2297661,2.3687067
131,132,-0.0057362095,0.478141,-3.6797695,3.365016
132,133,-0.0029302228,0.4569864,-3.0432615,2.6831107
133,134,-0.005669086,0.47963393,-3.6858912,3.2452648
134,135,-0.0058936323,0.4827212,-3.6938217,3.3478584
135,136,-0.0056736334,0.47777745,-3.670892,3.361713
136,137,-0.0049686916,0.4751713,-3.583121,3.2901607
137,138,0.0070313527,0.35966063,-2.3337908,1.4514694
138,139,-0.0056585274,0.47928023,-3.7024555,3.3728013
139,140,-0.005670192,0.48183027,-3.7667527,3.3321848
140,141,-0.0061026704,0.48163933,-3.6492503,3.3819587
141,142,-0.006128873,0.48508176,-3.763773,3.382937
142,143,-0.005469039,0.47803602,-3.6530895,3.2882328
143,144,-0.005758531,0.48263934,-3.740022,3.298064
144,145,-0.0047630053,0.47170427,-3.6625834,3.221689
145,146,-0.005809583,0.4830967,-3.765567,3.3483372
146,147,-0.0059204325,0.48199654,-3.7358904,3.3796606
147,148,0.006692123,0.3759668,-2.4542654,1.6146824
148,149,-0.005959803,0.48453265,-3.7575426,3.4068494
149,150,-0.00528544,0.47477797,-3.567266,3.4211037
150,151,-0.006086511,0.48469558,-3.7657442,3.3500037
151,152,-0.005403252,0.47676215,-3.6963003,3.3032084
152,153,-0.005931523,0.48240536,-3.728557,3.3999944
153,154,-0.0056610536,0.47744024,-3.6799881,3.3721433
154,155,-0.0061193514,0.4835897,-3.7488117,3.357351
155,156,-0.0062663746,0.48506787,-3.7064414,3.5055943
156,157,-0.005548531,0.47968835,-3.7487447,3.337404
157,158,-0.005373016,0.479234,-3.742699,3.288652
158,159,-0.0053994735,0.48199114,-3.6728165,3.366555
159,160,-0.0057078735,0.48224607,-3.7446148,3.403901
160,161,-0.0059539545,0.48299286,-3.7805467,3.3083704
161,162,-0.0053135925,0.47707728,-3.6590037,3.3589237
162,163,-0.005512923,0.47876593,-3.7116249,3.3680646
163,164,-0.005969007,0.4858786,-3.7329123,3.3239815
164,165,-0.006062954,0.48134336,-3.7384274,3.5346787
165,166,-0.006296076,0.48646924,-3.7794774,3.3528666
166,167,-0.005178038,0.4764663,-3.6923966,3.3249469
167,168,-0.0061272457,0.4853212,-3.75955,3.3651862
168,169,-0.005652525,0.4774461,-3.6939802,3.3361735
169,170,-0.006536244,0.49048436,-3.8047295,3.3861172
170,171,-0.0051850486,0.47562876,-3.6551352,3.3685808
171,172,-0.004282303,0.46948668,-3.5518658,3.2681532
172,173,-0.004855845,0.47176352,-3.6606867,3.2170925
173,174,-0.005910574,0.48349306,-3.6794174,3.3869405
174,175,-0.005270787,0.47520277,-3.6051662,3.34925
175,176,-0.003505246,0.4494028,-3.3681662,2.9738183
176,177,-0.0015145285,0.43396765,-3.0670803,3.1148531
177,178,-0.005635423,0.4786595,-3.6739318,3.3910112
178,179,-0.005768949,0.48088005,-3.687713,3.371138
179,180,-0.005761596,0.47885552,-3.6253157,3.3669267
180,181,-0.0058080996,0.482637,-3.6988323,3.313276
181,182,-0.0055403,0.47888902,-3.7271962,3.3624575
182,183,0.0018253637,0.37833464,-2.6053133,2.511364
183,184,-0.006387861,0.48779953,-3.7652414,3.393236
184,185,-0.0052828793,0.47493824,-3.6483898,3.3621562
185,186,0.0076080747,0.33845723,-2.369609,1.3288144
186,187,-0.006333256,0.4832972,-3.68216,3.4069746
187,188,0.002302027,0.36659402,-2.6829677,2.7480836
188,189,-0.0013417192,0.42502716,-2.9985323,3.1025853
189,190,-0.0016065711,0.434577,-3.1385937,3.3008232
190,191,-0.003876811,0.46760496,-3.6532207,3.3737497
191,192,-0.0057063806,0.4806331,-3.667524,3.4252927
192,193,-0.005794458,0.48449698,-3.7493682,3.3781612
193,194,0.0068407855,0.37971857,-2.492986,1.39133
194,195,0.0061911433,0.41279495,-2.6391969,1.6661106
195,196,-0.0065045767,0.48972395,-3.7779148,3.387328
196,197,-0.0061846157,0.48531693,-3.732587,3.4784439
197,198,-0.0064254045,0.4878088,-3.7476673,3.434913
198,199,-0.0019327179,0.44803306,-2.9080377,3.0248375
199,200,-0.005810832,0.48037678,-3.6995223,3.348879
200,201,-0.00609334,0.48243454,-3.7182653,3.392259
201,202,-0.0058597033,0.48132423,-3.7186444,3.371392
202,203,-0.0063157664,0.484727,-3.65953,3.4050708
203,204,-0.005563161,0.4788703,-3.6461623,3.3545723
204,205,-0.005913004,0.48088175,-3.626953,3.3358717
205,206,-0.0057562324,0.48156223,-3.6819408,3.457417
206,207,-0.0059741344,0.48139825,-3.708636,3.4047801
207,208,-0.006240537,0.48552,-3.6990333,3.406322
208,209,-0.0059809852,0.48273486,-3.770243,3.2948055
209,210,-0.005697033,0.48037004,-3.6782012,3.379589
210,211,-0.005230049,0.47523272,-3.624299,3.3407104
211,212,-0.0055918638,0.4790717,-3.6768615,3.2942786
212,213,-0.005508244,0.4788044,-3.7085671,3.3355243
213,214,-0.0058872267,0.48303252,-3.6359031,3.3990612
214,215,-0.005864253,0.4801471,-3.6576402,3.3241882
215,216,-0.0052284836,0.47731635,-3.5351532,3.4558053
216,217,-0.0057706833,0.4803011,-3.6427445,3.4460475
217,218,-0.0054717786,0.47732413,-3.694897,3.3991218
218,219,-0.005670342,0.48089305,-3.6557505,3.3579226
219,220,-0.006092912,0.4834925,-3.6974437,3.3739314
220,221,-0.006088236,0.48246968,-3.7063234,3.4785907
221,222,-0.0063316976,0.48494673,-3.697253,3.4546297
222,223,-0.004835456,0.47452277,-3.6249511,3.3414314
223,224,-0.00524898,0.47282356,-3.6321366,3.324919
224,225,-0.0057993643,0.48103854,-3.616604,3.4150672
225,226,-0.005385565,0.4757861,-3.6381154,3.3112934
226,227,-0.0060516037,0.48309323,-3.6554875,3.4112673
227,228,-0.005802199,0.48004016,-3.6618004,3.4579892
228,229,-0.006048883,0.48282453,-3.7328591,3.3827188
229,230,-0.006207623,0.48445958,-3.7636023,3.3536437
230,231,-0.005972615,0.48345524,-3.671681,3.392799
231,232,-0.005780256,0.48085028,-3.633986,3.3858669
232,233,-0.0057150903,0.47700298,-3.5713124,3.5301223
233,234,-0.0052142143,0.47696644,-3.6644902,3.33353
234,235,-0.0058914186,0.48221853,-3.6957297,3.362499
235,236,-0.006088965,0.48258716,-3.6591902,3.4138756
236,237,-0.005649474,0.47963557,-3.6387317,3.3631973
237,238,-0.0058673755,0.4824756,-3.6359754,3.4497836
238,239,-0.005826334,0.48007202,-3.6816163,3.342002
239,240,-0.005630383,0.47767237,-3.6450365,3.4443853
240,241,-0.006075327,0.48326057,-3.695125,3.4094584
241,242,-0.0022710804,0.44130057,-3.1613343,3.1225495
242,243,-0.0022710804,0.44130057,-3.1613343,3.1225495
243,244,-0.006121254,0.48357373,-3.7055237,3.3742356
244,245,-0.006121254,0.48357373,-3.7055237,3.3742356
245,246,-0.006121254,0.48357373,-3.7055237,3.3742356
246,247,-0.005923981,0.48306948,-3.6630538,3.4479415
247,248,-0.0029302228,0.4569864,-3.0432615,2.6831107
248,249,-0.0056698904,0.4808151,-3.6553934,3.3924723
249,250,-0.006349107,0.48614928,-3.7302878,3.3992112
250,251,-0.005720887,0.47785208,-3.6460245,3.409982
251,252,-0.005963482,0.48134497,-3.6823235,3.4571438
252,253,-0.005226565,0.47667667,-3.7075424,3.2784653
253,254,-0.0051753283,0.4778507,-3.721168,3.2588835
254,255,-0.006194309,0.48520082,-3.7040339,3.4605856
255,256,-0.0016880985,0.43327522,-2.9964607,3.0573745
256,257,-0.0048537776,0.47230184,-3.595749,3.3118422
257,258,-0.0059413314,0.48199397,-3.7021694,3.4465897
258,259,-0.004846284,0.47668412,-3.5640047,3.382267
259,260,-0.0058800057,0.4816824,-3.7099235,3.3977304
260,261,0.006476145,0.2519777,-1.9771111,1.85074
261,262,-0.0051391344,0.4754905,-3.6013098,3.3899052
262,263,-0.0057299756,0.47862256,-3.6799066,3.325672
263,264,-0.0029302228,0.4569864,-3.0432615,2.6831107
264,265,-0.003215474,0.45155308,-3.1800835,3.2040384
265,266,-0.0058857896,0.47991934,-3.6860185,3.3044975
266,267,-0.0058419085,0.48277792,-3.672376,3.4466152
267,268,-0.005668251,0.47969577,-3.6665795,3.330303
268,269,-0.005316286,0.47843733,-3.6730058,3.3551
269,270,-0.0058224965,0.4797795,-3.6769414,3.3725374
270,271,0.0012839375,0.3650904,-1.8379165,2.3474264
271,272,-0.0062097497,0.4862232,-3.7222242,3.452361
272,273,-0.005609149,0.4753954,-3.5485728,3.4915545
273,274,-0.0059968396,0.4818676,-3.7325535,3.3901448
274,275,-0.005565356,0.47682026,-3.6229608,3.346072
275,276,-0.004561779,0.4709609,-3.550493,3.242615
276,277,-0.006094176,0.48041964,-3.7108157,3.418126
277,278,-0.006238119,0.48514095,-3.6768844,3.4471354
278,279,-0.0058313967,0.4815479,-3.6742706,3.3943589
279,280,-0.005961012,0.48173484,-3.6555355,3.5085251
280,281,-0.006024286,0.48142493,-3.693781,3.4906666
281,282,0.0011876896,0.39556488,-2.72035,2.6617537
282,283,-0.0022202535,0.44632706,-2.932821,3.1731794
283,284,-0.0053635943,0.47870734,-3.6665165,3.461751
284,285,-0.0057620234,0.4801541,-3.7057295,3.3018079
285,286,-0.0060477536,0.48077193,-3.7336094,3.3996608
286,287,-0.005981253,0.48145428,-3.7488902,3.3556182
287,288,-0.0035395587,0.46048436,-3.3499763,3.24518
288,289,-0.0045210887,0.47321537,-3.6017907,3.324147
289,290,-0.0051282234,0.47525188,-3.6332746,3.2723982
290,291,-0.006110177,0.48387927,-3.6959257,3.4193504
291,292,-0.002966496,0.4395892,-3.280705,3.3233848
292,293,-0.0059663747,0.482304,-3.70109,3.340837
293,294,-0.0062610856,0.48188764,-3.7147994,3.3909776
294,295,-0.0052026473,0.47640717,-3.6813118,3.381612
295,296,-0.0051662284,0.47297424,-3.5687408,3.5068223
296,297,-0.004746368,0.472983,-3.612367,3.4626694
297,298,-0.005882925,0.47989768,-3.680848,3.291789
298,299,-0.005042507,0.47761023,-3.6894014,3.351978
299,300,-0.0054999446,0.4773684,-3.6720352,3.3446612
300,301,-0.00590457,0.48111427,-3.6996584,3.4025378
301,302,-0.005502917,0.4769783,-3.6681583,3.378753
302,303,-0.005623258,0.48062754,-3.7412663,3.3894687
303,304,-0.006033622,0.4802536,-3.7008893,3.3454266
304,305,-0.0058348197,0.4796388,-3.6764112,3.3209903
305,306,-0.004923656,0.47173166,-3.5857327,3.4520133
306,307,0.006832708,0.3683718,-2.420425,1.5045829
307,308,-0.0020111746,0.4285557,-2.90916,3.1150804
308,309,0.0070505813,0.35794768,-2.3666818,1.6457921
309,310,-0.0053588133,0.4769527,-3.6212265,3.35677
310,311,-0.005360745,0.47694364,-3.584094,3.3480809
311,312,-0.0061133266,0.48304504,-3.7273214,3.3987586
312,313,-0.0024998523,0.44536045,-3.2793982,3.0992823
313,314,-0.005354349,0.4776307,-3.7118833,3.2381454
314,315,-0.0056192637,0.48001543,-3.6848228,3.3792472
315,316,-0.0054424256,0.48146445,-3.735916,3.3331432
316,317,0.00072272867,0.38599062,-2.5261695,2.8040953
317,318,-0.0024304371,0.438615,-3.0316195,3.1351476
318,319,-0.005863737,0.48161435,-3.7390468,3.349806
319,320,-0.0058564083,0.48105186,-3.7060707,3.3063395
320,321,-0.006948584,0.48364973,-3.6525335,3.4465911
321,322,-0.005691281,0.47781536,-3.5651503,3.4339533
322,323,-0.0056384583,0.47935516,-3.7197936,3.2957242
323,324,-0.006029945,0.47894618,-3.6117444,3.489394
324,325,-0.0061282995,0.4816695,-3.732255,3.3747363
325,326,-0.0053709107,0.47753596,-3.6702273,3.2032611
326,327,-0.0056757014,0.48028114,-3.7152328,3.3456562
327,328,-0.0058778576,0.48068506,-3.684321,3.3979485
328,329,-0.0029211033,0.43794578,-2.5916164,3.1817293
329,330,-0.0052110422,0.47638267,-3.655981,3.233676
330,331,-0.005921068,0.47951174,-3.665634,3.449911
331,332,-0.005791091,0.4790723,-3.6468296,3.3326247
332,333,-0.0062303967,0.48253566,-3.7407823,3.3573902
333,334,-0.005847665,0.47933218,-3.6630864,3.3558047
334,335,-0.0056315945,0.4791537,-3.674959,3.343596
335,336,-0.005903546,0.480918,-3.700545,3.4497135
336,337,-0.0062487326,0.4821419,-3.7099798,3.3162892
337,338,0.005499851,0.40621462,-2.5823038,1.5563669
338,339,-0.006118916,0.48437667,-3.7027104,3.394527
339,340,-0.001302309,0.4232496,-2.9458172,3.046022
340,341,-0.0063192584,0.48515895,-3.7039237,3.4321942
341,342,-0.006003723,0.48094234,-3.6909404,3.3997319
342,343,-0.00639102,0.4844788,-3.7464654,3.4061742
343,344,-0.006178764,0.48439857,-3.7688558,3.3907928
344,345,-0.005985471,0.4822513,-3.7393386,3.3189797
345,346,-0.0056214132,0.47874838,-3.7199934,3.3904026
346,347,-0.0055923425,0.48022375,-3.6784098,3.4195979
347,348,-0.005797695,0.48034948,-3.6338468,3.3981285
348,349,-0.005664758,0.48056403,-3.693843,3.2852569
349,350,-0.00595309,0.48205462,-3.6908534,3.383861
350,351,-0.005806476,0.47761688,-3.6180773,3.4484468
351,352,0.0066371,0.3913694,-2.5228791,1.607336
352,353,-0.00533138,0.47795728,-3.6760976,3.242628
353,354,-0.0060070646,0.48275062,-3.6616678,3.4718986
354,355,-0.0057657897,0.48119065,-3.7111707,3.3815725
355,356,-0.0051045693,0.47441956,-3.6272805,3.3294415
356,357,-0.0060478337,0.48519582,-3.758549,3.3529236
357,358,-0.006049821,0.48135728,-3.7341678,3.41592
358,359,0.0071048136,0.3557512,-2.3586197,1.404993
359,360,0.0057206,0.40657064,-2.58695,1.6099712
360,361,-0.0013637195,0.42987612,-3.078216,3.0747178
361,362,-0.005742851,0.48391438,-3.7372518,3.2779193
362,363,-0.0056351065,0.48079732,-3.6960275,3.3222432
363,364,-0.004490511,0.46722215,-3.5601356,3.2624438
364,365,-0.005723978,0.4817356,-3.7581162,3.384468
365,366,-0.005560102,0.48035708,-3.7239318,3.2866495
366,367,-0.005044135,0.47279835,-3.598707,3.2996588
367,368,-0.006173787,0.48670736,-3.804412,3.32366
368,369,-0.0059489463,0.48387066,-3.759165,3.3310266
369,370,-0.0055639376,0.47642854,-3.6669912,3.2542782
370,371,-0.005565123,0.47904894,-3.6610887,3.3652678
371,372,-0.0053153075,0.47600448,-3.677238,3.2711897
372,373,-0.005366107,0.47728118,-3.6777403,3.330879
373,374,-0.005817183,0.48024255,-3.7150762,3.3335547
374,375,-0.0053427466,0.47662133,-3.668396,3.3573596
375,376,-0.005692696,0.47805497,-3.662986,3.3454297
376,377,-0.0056284205,0.48230177,-3.6737943,3.366217
377,378,-0.006289052,0.48734042,-3.7687364,3.3556871
378,379,-0.0060297637,0.4838715,-3.783952,3.3584428
379,380,-0.006008757,0.48429576,-3.8404667,3.4121284
380,381,-0.0059519913,0.48323208,-3.7306304,3.347335
381,382,-0.0066061597,0.4881757,-3.7256143,3.4348571
382,383,-0.005719207,0.48358598,-3.7611601,3.4187357
383,384,-0.0060045067,0.48507512,-3.7703927,3.4116998
384,385,-0.0059546996,0.48067135,-3.7123494,3.35852
385,386,-0.0059841406,0.48453936,-3.750029,3.4178984
386,387,-0.0061965864,0.482782,-3.728734,3.3654652
387,388,-0.005841047,0.48375532,-3.7566407,3.3770344
388,390,-0.002589142,0.4416011,-3.0735369,2.661837
389,391,-0.0058270018,0.47825506,-3.581566,3.513942
390,392,0.00060255174,0.39546925,-2.703315,2.785934
391,393,-0.0054538473,0.479155,-3.6864007,3.351118
392,394,-0.0010585537,0.4052647,-1.9944414,1.8768998
393,395,-0.0021351483,0.44028038,-3.020986,3.3623893
394,396,-0.005745193,0.4783645,-3.6537867,3.426427
395,397,-0.005461387,0.47870177,-3.65561,3.327681
396,398,-0.0058423453,0.47888005,-3.6639285,3.3897352
397,399,-0.0059352214,0.4772498,-3.6065147,3.3542626
398,400,-0.0058581904,0.47747508,-3.568713,3.4041677
399,401,-0.0052928478,0.47524834,-3.6792204,3.373673
400,402,-0.0028450761,0.45240715,-3.4072416,3.1956296
401,403,-0.0056888224,0.47948718,-3.64519,3.4171994
402,404,-0.004919804,0.4721559,-3.6336646,3.4069564
403,405,-0.0026581343,0.45159438,-3.2389963,3.0820117
404,406,-0.005552503,0.47703224,-3.6647112,3.3356736
405,407,0.0032357282,0.33420315,-2.08894,2.3876283
406,408,-0.006265243,0.4799227,-3.6411445,3.496498
407,409,-0.005798709,0.4803049,-3.64017,3.5289655
408,410,-0.005894477,0.48121795,-3.6977022,3.2866085
409,411,-0.0060942643,0.48214164,-3.7473853,3.2848718
410,412,-0.0015960817,0.42253527,-2.8195856,2.9741719
411,413,-0.004225768,0.46036625,-3.4102712,3.4768157
412,414,-0.005894456,0.48124018,-3.6724484,3.292189
413,415,-0.0035016267,0.4557294,-3.2504592,3.317286
414,416,-0.0059401914,0.48111236,-3.6996255,3.3968601
415,417,-0.0038876391,0.4549359,-3.2575798,3.3576136
416,418,-0.0034744113,0.46011817,-3.2080534,3.1900778
417,419,0.0073464043,0.344839,-2.3651867,1.6032249
418,420,-0.00284505,0.4481098,-3.0920768,3.2306688
419,421,0.0060875104,0.37567237,-2.4884584,1.6734803
420,422,-0.0055000125,0.4767428,-3.6094663,3.403306
421,423,-0.0054630856,0.48047754,-3.6657364,3.354917
422,424,-0.0058225957,0.48100668,-3.6464255,3.4037724
423,425,-0.0051150364,0.47474417,-3.5719104,3.3021965
424,426,-0.0055771265,0.47976166,-3.725427,3.313172
425,427,-0.0058981623,0.48050216,-3.6860044,3.358723
426,428,-0.0048108655,0.47084337,-3.5976336,3.24699
427,429,0.0074125375,0.35203457,-2.3346105,1.586012
428,430,-0.0056968178,0.4789331,-3.5929327,3.438335
429,431,-0.005140026,0.4757886,-3.6149566,3.3029451
430,432,-0.006244319,0.48213795,-3.689917,3.2825704
431,433,-0.006244319,0.48213795,-3.689917,3.2825704
432,434,-0.0055347146,0.4781597,-3.6856089,3.3268445
433,435,-0.0051010833,0.47025946,-3.575651,3.3351293
434,436,-0.0055347146,0.4781597,-3.6856089,3.3268445
435,437,-0.0051010833,0.47025946,-3.575651,3.3351293
436,438,-0.0059563913,0.4825446,-3.719741,3.32893
437,439,-0.0057276995,0.48054788,-3.697805,3.3751383
438,440,-0.005033402,0.47573614,-3.70085,3.2930613
439,441,-0.004619271,0.46857443,-3.6171863,3.4081933
440,442,-0.0054432563,0.47854775,-3.6841824,3.333839
441,443,-0.00613292,0.48370668,-3.7186587,3.3880417
442,444,-0.005465818,0.4755917,-3.690545,3.3229988
443,445,-0.005563495,0.47632706,-3.6042707,3.3331664
444,446,-0.0051190625,0.47369412,-3.6433306,3.2733734
445,447,-0.005451272,0.47922385,-3.651064,3.3142745
446,448,-0.005629731,0.47746614,-3.6258678,3.309458
447,449,-0.005943321,0.4827593,-3.7170055,3.4217184
448,450,-0.0049161445,0.47604305,-3.6175084,3.3839228
449,451,-0.00645105,0.4858119,-3.7346227,3.341033
450,452,-0.005400198,0.47725844,-3.6856554,3.328936
451,453,-0.004131134,0.46500382,-3.5973942,3.328025
452,454,-0.005097562,0.4735638,-3.6550617,3.2846243
453,455,-0.005421221,0.47644734,-3.6615245,3.3016882
454,456,-0.005589399,0.48035076,-3.7042048,3.315929
455,457,-0.0057714526,0.4804914,-3.7329795,3.2932441
456,458,-0.005998,0.48152205,-3.7263062,3.3508394
457,459,-0.0059604025,0.48102856,-3.64488,3.4544816
458,461,-0.0057784156,0.4772812,-3.6536193,3.4028847
459,462,-0.00525968,0.47295842,-3.5312493,3.5244129
460,463,-0.005284572,0.4735875,-3.5540948,3.4688764
461,464,-0.005709807,0.47798693,-3.7267492,3.4061074
462,465,-0.0063357856,0.48399368,-3.7130737,3.3853106
463,466,-0.005877157,0.4787359,-3.6153877,3.5040925
464,467,-0.0059782737,0.47872114,-3.639204,3.4031062
465,468,-0.005365506,0.4753705,-3.5941863,3.42277
466,469,-0.006142665,0.47991377,-3.6108427,3.4780376
467,470,-0.0053092204,0.4730283,-3.5118914,3.5118175
468,471,-0.0056128968,0.47795725,-3.660458,3.384473
469,472,-0.0055771265,0.47976166,-3.725427,3.313172
470,473,-0.0048108655,0.47084337,-3.5976336,3.24699
471,474,-0.005140026,0.4757886,-3.6149566,3.3029451
472,475,-0.0049686744,0.47447535,-3.5861177,3.3214328
473,476,-0.005348123,0.47626787,-3.6922348,3.3425317
474,477,-0.0063902885,0.48519993,-3.7604797,3.3029878
475,478,-0.0047716033,0.4742914,-3.6296437,3.3440359
476,479,-0.005033402,0.47573614,-3.70085,3.2930613
477,480,-0.0057276995,0.48054788,-3.697805,3.3751383
478,481,-0.005451272,0.47922385,-3.651064,3.3142745
479,482,-0.0051190625,0.47369412,-3.6433306,3.2733734
480,483,-0.005563495,0.47632706,-3.6042707,3.3331664
481,484,-0.005421221,0.47644734,-3.6615245,3.3016882
482,485,-0.00645105,0.4858119,-3.7346227,3.341033
483,486,-0.0054585603,0.47583833,-3.6819208,3.3845997
484,487,-0.005097562,0.4735638,-3.6550617,3.2846243
485,488,0.006093307,0.39814386,-2.5839055,1.7292676
486,489,-0.0060285055,0.4803888,-3.6189227,3.4132226
487,490,-0.005482309,0.47865054,-3.7001882,3.271617
488,491,-0.0024286828,0.4581884,-2.9203684,3.2502542
489,492,-0.0024286828,0.4581884,-2.9203684,3.2502542
490,493,-0.0062277648,0.48775953,-3.6784003,3.3416648
491,494,-0.0025294705,0.44717112,-3.0450988,3.1060846
492,495,-0.0059192474,0.48228267,-3.6775231,3.426781
493,496,-0.0056877807,0.48004264,-3.6522455,3.42248
494,497,-0.0056666695,0.47838864,-3.645685,3.3649979
495,498,0.0043810247,0.2888652,-1.6069776,1.6288466
496,499,-0.0008698143,0.4185333,-2.694101,3.023195
497,500,0.00015082613,0.40583605,-2.4314768,2.5823896
498,501,-0.003443499,0.4600287,-3.2896004,3.2486417
499,502,-0.0057679377,0.4799111,-3.6585362,3.3705316
500,503,-0.005842874,0.48123,-3.673257,3.327693
501,504,-0.0055283885,0.4778251,-3.6440594,3.3372548
502,505,-0.005808396,0.47730714,-3.655118,3.3955398
503,506,-0.0030839697,0.4648521,-3.2019274,3.4250875
504,507,-0.005483068,0.4767462,-3.6341224,3.4223547
505,508,-0.0024341547,0.45036268,-3.1205497,3.1734087
506,509,-0.0030010275,0.4510708,-3.2861362,3.0009396
507,510,-0.005253391,0.47715223,-3.6969438,3.3232188
508,511,-0.0027958804,0.44168118,-2.9853272,3.3268313
509,512,-0.005914319,0.48168492,-3.690759,3.346379
510,513,-0.005808396,0.47730714,-3.655118,3.3955398
511,514,-0.0054213093,0.47589028,-3.6528533,3.4542067
512,515,-0.005833492,0.4795955,-3.686299,3.3799791
513,516,-0.0051697595,0.47355354,-3.6156847,3.2911243
514,517,-0.0054798513,0.48111558,-3.648006,3.3924994
515,518,-0.0054277726,0.47645915,-3.7098057,3.4202337
516,519,-0.0056720586,0.47950667,-3.6777613,3.33601
517,520,-0.005510979,0.47691813,-3.6126385,3.3607605
518,521,-0.005300522,0.4776326,-3.627787,3.2909622
519,522,-0.0048429687,0.4717741,-3.5802195,3.3819084
520,523,-0.005693212,0.4790518,-3.7025492,3.3266196
521,524,-0.003599425,0.46196863,-3.368136,3.265239
522,525,-0.0052486784,0.4753036,-3.5279176,3.3975332
523,526,-0.0058738124,0.48268294,-3.6206558,3.4122183
524,527,-0.0059573515,0.48370478,-3.7185624,3.3886871
525,528,0.0065339445,0.38031995,-2.4530401,1.3910187
526,529,-0.0065946784,0.48850837,-3.760715,3.3734999
527,530,-0.005504248,0.47891697,-3.6231222,3.3948078
528,531,-0.005789632,0.47899437,-3.6354442,3.3217196
529,532,-0.005402379,0.4766795,-3.6504898,3.3092382
530,533,-0.005422955,0.47704348,-3.6810384,3.2793798
531,534,-0.005352082,0.4746753,-3.6263504,3.3341954
532,535,-0.0059486646,0.48192087,-3.640371,3.434526
533,536,-0.0036797114,0.45969775,-3.3668122,3.138203
534,537,-0.0053059882,0.47531268,-3.6013002,3.4635084
535,538,-0.0048455433,0.4722499,-3.639972,3.3152993
536,539,-0.0055722618,0.47660753,-3.6695938,3.5167
537,540,-0.0057585672,0.4815139,-3.6579483,3.478657
538,541,-0.005604781,0.47941628,-3.703345,3.4150696
539,542,-0.0058180187,0.48392677,-3.7330594,3.3554785
540,543,-0.005555198,0.4786416,-3.6608157,3.342203
541,544,-0.001578661,0.41877225,-2.232741,2.6647906
542,545,-0.0055962414,0.47907087,-3.6663132,3.340956
543,546,-0.0037605253,0.467962,-3.2860196,3.2470367
544,547,-0.0007972941,0.43323928,-3.0480852,2.8552804
545,548,-0.005193161,0.47347066,-3.605966,3.3796356
546,549,-0.005458019,0.47811565,-3.6345146,3.33693
547,550,-0.005775841,0.481663,-3.6891413,3.411243
548,551,-0.003813604,0.46439835,-3.492224,3.2709458
549,552,-0.005298309,0.47673738,-3.6687317,3.2558384
550,553,-0.005979622,0.48382357,-3.6660683,3.338044
551,554,-0.0035342306,0.46341455,-3.0454996,3.3243477
552,555,-0.0057057706,0.4799617,-3.624484,3.5348709
553,556,-0.004452589,0.47129756,-3.6218128,3.3159032
554,557,-0.005461499,0.47889975,-3.6925097,3.3411143
555,558,-0.0056680683,0.47814503,-3.6804175,3.3378656
556,559,-0.005394779,0.47592366,-3.6527088,3.3339765
557,560,-0.0054436573,0.477265,-3.668511,3.2988117
558,561,-0.00632544,0.4824953,-3.7338672,3.3402596
559,562,-0.0059754415,0.48000237,-3.711712,3.352038
560,563,-0.005732147,0.4808249,-3.6918416,3.3609476
561,564,-0.005665563,0.47924042,-3.6881402,3.3046825
562,565,-0.00536882,0.4774087,-3.6845653,3.2776651
563,566,-0.005941155,0.48242164,-3.7456877,3.3210652
564,567,-0.005550469,0.47866789,-3.658862,3.3706708
565,568,-0.0056484533,0.48061267,-3.6932874,3.3918598
566,569,-0.0058436072,0.48056754,-3.5863783,3.3742514
567,570,-0.0063913004,0.48367584,-3.7009072,3.4357634
568,571,-0.0052386713,0.47565392,-3.6228845,3.318022
569,572,-0.005705425,0.47994655,-3.6663888,3.3069813
570,573,-0.005130759,0.47291672,-3.6509988,3.3260195
571,574,-0.005715534,0.4777536,-3.6348615,3.4003224
572,575,-0.005502285,0.4793699,-3.707843,3.310222
573,576,-0.0053928643,0.47615355,-3.6397533,3.367009
574,577,-0.005591668,0.47969595,-3.6535134,3.3378186
575,578,-0.005176768,0.47623095,-3.6581676,3.2766829
576,579,-0.005519591,0.479529,-3.703838,3.2823682
577,580,-0.0055712652,0.47911763,-3.622199,3.370887
578,581,-0.006318972,0.48491025,-3.7097032,3.402208
579,582,-0.005990053,0.4802253,-3.6605859,3.3850489
580,583,-0.005714973,0.48030502,-3.7308102,3.319663
581,584,-0.0057886937,0.4798157,-3.6847079,3.3512564
582,585,-0.005955469,0.480831,-3.6351352,3.3489583
583,586,-0.0029938903,0.45266038,-3.3518677,3.3305547
584,587,-0.0055895187,0.47947347,-3.6590927,3.3816645
585,588,-0.00580952,0.48166737,-3.7046583,3.3457384
586,589,-0.005659957,0.4801803,-3.644395,3.401176
587,590,-0.0058172946,0.47938237,-3.650689,3.3029566
588,591,-0.005654735,0.47889915,-3.6322997,3.3432617
589,592,-0.0045826514,0.47195035,-3.5968728,3.318272
590,593,-0.002211988,0.43372753,-2.8025568,2.734391
591,594,-0.0056330278,0.47841144,-3.69737,3.2765198
592,595,-0.0059759966,0.48149958,-3.6718557,3.4284532
593,596,-0.005534776,0.4766576,-3.6771653,3.3232315
594,597,-0.006441381,0.4849666,-3.7388275,3.468653
595,598,-0.005678026,0.4771668,-3.657914,3.3683019
596,599,-0.005785601,0.48241878,-3.7327454,3.307938
597,600,-0.0058114734,0.48405018,-3.7083607,3.3883362
598,601,-0.0054854113,0.47919893,-3.6980345,3.3462486
599,602,-0.006035473,0.4857263,-3.7564185,3.376499
600,603,-0.005314169,0.4766501,-3.6496081,3.3940473
601,604,-0.0059197247,0.48340684,-3.714537,3.3523743
602,605,-0.005789336,0.4806746,-3.6721315,3.38208
603,606,-0.0057867137,0.48226285,-3.718263,3.410062
604,607,-0.0057467497,0.48082075,-3.6905003,3.3524358
605,608,-0.005160453,0.4728168,-3.6530929,3.3162766
606,609,-0.0056339726,0.48036474,-3.6786196,3.4061227
607,610,-0.005751532,0.47912678,-3.695221,3.2883337
608,611,-0.00571106,0.47712144,-3.6312919,3.450426
609,612,-0.00649776,0.4858947,-3.7572062,3.4937558
610,613,-0.005725441,0.47905463,-3.6708732,3.3598402
611,614,-0.0056495587,0.47959033,-3.6536448,3.406013
612,615,-0.005473871,0.47771242,-3.6680374,3.3019774
613,616,-0.005883495,0.48182252,-3.6262133,3.4596047
614,617,-0.006358614,0.48419505,-3.744929,3.4310825
615,618,-0.003999111,0.46086565,-3.3070533,3.0982327
616,619,-0.0056029484,0.4783225,-3.5931745,3.4729004
617,620,-0.0057406165,0.4812342,-3.7229848,3.4787192
618,621,-0.005838417,0.482012,-3.6969829,3.3503911
619,622,-0.005461475,0.47728845,-3.6989262,3.4113595
620,623,-0.0055832528,0.47868395,-3.6835504,3.3722644
621,624,-0.005837196,0.4837115,-3.717218,3.336043
622,625,-0.0053747464,0.48001027,-3.7262561,3.371013
623,626,-0.0021475423,0.43910542,-3.2814152,3.1836853
624,627,-0.005413146,0.47541535,-3.7307158,3.3508332
625,628,-0.0054997164,0.47773048,-3.6664267,3.3921714
626,629,-0.0016954491,0.43065983,-2.886181,3.06986
627,630,-0.0050557754,0.4743695,-3.5966961,3.2205534
628,631,-0.0054840855,0.47948813,-3.6123822,3.3422902
629,632,-0.0052156784,0.47671226,-3.7278793,3.3246267
630,633,-0.0058481637,0.48148835,-3.7264166,3.311184
631,634,-0.0055213957,0.47866288,-3.6803343,3.328563
632,635,-0.0054658405,0.47927186,-3.6655333,3.2570126
633,636,-0.0049598278,0.4725394,-3.6117454,3.3076067
634,637,-0.005519338,0.47804144,-3.6977756,3.298828
635,638,-0.0055201394,0.4756374,-3.6421525,3.3039005
636,639,-0.005552812,0.4811181,-3.7541208,3.3150668
637,640,-0.005123802,0.47638458,-3.6900933,3.2898328
638,641,-0.0055519138,0.47925508,-3.6957228,3.3902113
639,642,-0.0057724887,0.48146313,-3.6868665,3.3751688
640,643,-0.005731571,0.47916374,-3.6366887,3.469722
641,644,-0.006232343,0.4855947,-3.770552,3.3388064
642,645,-0.0056294147,0.477388,-3.642284,3.3836267
643,646,-0.0058763563,0.4778552,-3.6308076,3.3849344
644,647,-0.006079011,0.48093727,-3.6522257,3.4252293
645,648,-0.00533355,0.47565642,-3.6889257,3.42955
646,649,-0.0056797527,0.48185414,-3.6829815,3.394913
647,650,-0.0055867727,0.47664425,-3.6145325,3.3450031
648,651,0.0019085772,0.33904383,-2.082869,2.406966
649,652,-0.0054800417,0.47869897,-3.7039006,3.3707986
650,653,-0.005708407,0.4767179,-3.5715425,3.4030862
651,654,-0.005750593,0.47932795,-3.7389603,3.355981
652,655,-0.0060319784,0.48062858,-3.6790407,3.3532593
653,656,-0.005910266,0.47807613,-3.7158158,3.3471627
654,657,-0.005443827,0.47876582,-3.6817608,3.4586256
655,658,-0.0056266766,0.47738278,-3.6693425,3.3654022
656,659,-0.006510249,0.48203722,-3.7277267,3.388365
657,660,-0.005970467,0.4787837,-3.6644096,3.3777628
658,661,-0.003934005,0.4523031,-3.3846536,3.194156
659,662,-0.005723428,0.47981644,-3.734685,3.3088243
660,663,-0.0060947207,0.48186648,-3.681572,3.2980406
661,664,-0.00620687,0.48080036,-3.6535969,3.3585293
662,665,-0.005901529,0.47985822,-3.6913524,3.409863
663,666,-0.004055116,0.4566502,-3.0193863,3.1480236
664,667,-0.0053761792,0.47373322,-3.6319818,3.3929636
665,668,-0.0056667756,0.47690415,-3.6540005,3.3653576
666,669,-0.005884178,0.4808693,-3.69679,3.3821888
667,670,-0.0058478485,0.48119348,-3.723203,3.391208
668,671,-0.006559773,0.48383683,-3.6979995,3.3713007
669,672,-0.0054933093,0.47420952,-3.6553519,3.3612912
670,673,-0.00584244,0.47834644,-3.755272,3.3891954
671,674,-0.0050274436,0.47337174,-3.6189842,3.3587575
672,675,-0.0058488846,0.47924215,-3.7081065,3.3666532
673,676,-0.0065056677,0.48333752,-3.7149484,3.3727117
674,677,-0.0058920146,0.47855905,-3.7075353,3.383967
675,678,-0.005865091,0.47875127,-3.6863635,3.2973042
676,679,-0.0060349884,0.47957852,-3.6540973,3.4089127
677,680,-0.006217877,0.4804201,-3.687742,3.448476
678,681,-0.0061501074,0.48175836,-3.6530457,3.3991446
679,682,-0.0057708644,0.48023427,-3.7230356,3.331408
680,686,-0.005735518,0.4785953,-3.6943686,3.331578
681,687,-0.005334983,0.47552708,-3.5877624,3.4942043
682,689,-0.005136341,0.47373042,-3.5463214,3.3324475
683,690,-0.0057064905,0.48102233,-3.6458035,3.3020902
684,691,-0.0057815425,0.48290163,-3.7122884,3.3295424
685,692,-0.006023683,0.4837427,-3.6844962,3.3523126
686,695,-0.005523694,0.47871014,-3.6858504,3.352631
687,698,-0.0055455174,0.4798843,-3.5889568,3.4965646
688,703,-0.0059669106,0.48427287,-3.644417,3.4224446
689,713,-0.0051874593,0.4741215,-3.6459618,3.3016772
690,714,0.006672244,0.3897731,-2.542116,1.4682348
691,715,-0.006413216,0.48240837,-3.7264447,3.395647
692,716,-0.0060697026,0.48489806,-3.6825335,3.4028003
693,717,-0.0019786998,0.44239277,-3.009648,3.1109798
694,718,-0.0052567646,0.47717425,-3.6164737,3.3578975
695,719,-0.005516266,0.47858247,-3.6367729,3.3720028
696,720,-0.00563884,0.4795519,-3.6988225,3.3670657
697,721,-0.0019290323,0.43384206,-3.1521409,3.0983229
698,722,0.00044789352,0.41511396,-3.094192,2.6460524
699,723,-0.0059190206,0.48138636,-3.7185156,3.3789036
700,724,-0.0056380206,0.4789403,-3.6866188,3.3995466
701,725,-0.005203064,0.47639546,-3.6405401,3.325859
702,726,-0.0052651004,0.47572356,-3.6332197,3.327689
703,727,-0.0052305628,0.47800398,-3.6587055,3.2825723
704,728,-0.0061414265,0.48198363,-3.6650143,3.3519456
705,729,-0.0056712716,0.48082882,-3.6810749,3.296755
706,730,-0.005679969,0.48196274,-3.7484925,3.3485913
707,731,-0.0054411744,0.4770268,-3.6681364,3.3292353
708,732,-0.004757075,0.47201756,-3.6249921,3.2975438
709,733,-0.005963428,0.4789074,-3.7116606,3.2906265
710,734,-0.0051470255,0.47508124,-3.678125,3.3247685
711,735,-0.0063904556,0.4832466,-3.704202,3.3181355
712,736,-0.0056920745,0.47909933,-3.6957474,3.3405807
713,737,-0.0059001683,0.47967917,-3.6860995,3.345358
714,738,-0.005338436,0.4774837,-3.7153926,3.2965717
715,739,-0.004673938,0.46989676,-3.572344,3.395518
716,740,-0.0060395435,0.48369527,-3.7565174,3.35837
717,741,-0.0060242023,0.48192278,-3.6862447,3.322585
718,742,-0.002775872,0.43945304,-3.1769607,3.4426892
719,743,-0.005468106,0.47423,-3.6286104,3.280545
720,744,-0.00591491,0.48149112,-3.6502295,3.338087
721,745,-0.005953466,0.4811016,-3.7455285,3.3572118
722,746,-0.005031302,0.47651848,-3.5686722,3.3877301
723,747,-0.005868844,0.47748226,-3.6702409,3.337058
724,748,-0.005624154,0.47840783,-3.669434,3.349494
725,749,-0.0058976673,0.47864136,-3.6603267,3.4069583
726,750,-0.00088157534,0.38618353,-1.7286767,2.714832
727,751,-0.0055693537,0.47759417,-3.7247794,3.3990695
728,752,-0.005463084,0.47851342,-3.6395946,3.356645
729,753,-0.0053203716,0.47484517,-3.5463722,3.3723474
730,754,-0.005171208,0.47579038,-3.6774046,3.4214468
731,755,-0.002206846,0.4317687,-2.8750553,3.2480347
732,756,-0.005905606,0.47919756,-3.6814215,3.3481343
733,757,-0.006007844,0.48197454,-3.7565207,3.3240304
734,758,-0.0036757186,0.45572758,-3.3153853,3.462806
735,759,-0.006004602,0.4813014,-3.7253165,3.3255656
736,760,-0.006057671,0.48066393,-3.6987712,3.4157686
737,761,-0.0057781283,0.4808397,-3.755256,3.3081737
738,762,-0.005910356,0.4814348,-3.7144837,3.3396654
739,763,-0.005321453,0.47384992,-3.5918283,3.3505552
740,764,-0.0060067973,0.48080292,-3.7313342,3.3810017
741,765,-0.0059982953,0.47926706,-3.7392359,3.4188046
742,766,-0.00570827,0.4766495,-3.6074233,3.3675685
743,767,-0.0066545033,0.48719537,-3.777631,3.4038732
744,768,0.006171871,0.39091533,-2.5692961,1.824205
745,769,-0.0041371877,0.4571349,-3.3798423,3.321205
746,770,-0.005972912,0.47995982,-3.7266574,3.3668246
747,771,-0.002367057,0.4413193,-3.2353806,3.30239
748,772,-0.003119804,0.45303866,-2.9187872,3.209696
749,773,0.005534028,0.39936233,-2.540042,1.4392154
750,774,0.00016430393,0.3957307,-2.110001,3.015385
751,775,-0.0064957184,0.48323527,-3.7106433,3.4758883
752,776,-0.0029302228,0.4569864,-3.0432615,2.6831107
753,777,-0.005893855,0.48002163,-3.6784813,3.2415268
754,778,-0.0013687756,0.3949572,-1.7005659,1.406283
755,779,-0.0018371592,0.4221798,-2.5757961,3.0146255
756,780,-0.0013512196,0.4362334,-2.3367157,3.0054047
757,781,-0.0028984062,0.44964597,-3.3287988,3.0859787
758,782,-0.004391289,0.46894473,-3.5203755,3.3005085
759,783,-0.0015427932,0.4735762,-2.196263,1.6459873
760,784,-0.0054121763,0.47759578,-3.6413708,3.439605
761,785,-0.002182576,0.4149115,-2.6178255,2.9148748
762,786,-0.006012518,0.4800618,-3.675902,3.3353565
763,787,-0.0055130534,0.47435468,-3.6119537,3.3808491
764,788,-0.0053380555,0.47498652,-3.634751,3.359873
765,789,0.0031888161,0.30421555,-1.9762028,1.7418848
766,790,0.0004690631,0.38303095,-2.536566,2.7884068
767,791,-0.0061286767,0.48363742,-3.722306,3.3965592
768,792,-0.005825158,0.47622865,-3.5775297,3.467974
769,793,-0.0056708646,0.4823019,-3.6925914,3.4363976
770,794,-0.0056649153,0.48271003,-3.6396275,3.3842502
771,795,-0.006068958,0.4782301,-3.6528327,3.4469712
772,797,-0.0062274733,0.48508206,-3.6872976,3.4413548
773,798,-0.0060957544,0.48520282,-3.7607024,3.3551416
774,799,0.0005291852,0.4018091,-2.8398588,2.6609116
775,800,-0.0062472704,0.48453215,-3.7368963,3.358183
776,801,-0.0059854337,0.48419854,-3.7292228,3.3802643
777,802,-0.005846337,0.48171526,-3.702941,3.3373446
778,803,-0.0058015804,0.47994134,-3.7191331,3.334875
