id,label,brightness,motion,colorfulness,edge_density,optical_flow,temporal_dynamics,nframes
1,Surprise,102.18200555892,46.823775395354104,35.03998249621968,0.14475248804879098,5.4745107,36.7956009995651,119
2,Surprise,140.34353762256856,35.337820164360025,35.895113491131575,0.15199575618821748,4.896038,21.952392795573296,128
3,Surprise,111.24319437247556,44.07845405449413,49.55160882286628,0.18783133370535712,6.4931784,11.746837288521972,48
4,Surprise,139.4599716085991,34.45275835408569,41.553335876313014,0.11110748433231558,4.8956637,27.446200225716066,127
5,Proud,101.38689321281397,42.83540344238281,29.656019457931553,0.16083233173076922,6.5222797,20.980074989451097,65
6,Surprise,81.2792842527636,47.81371057025339,42.90284419700542,0.10533544146825395,7.9178715,20.03387043440554,90
7,Proud,118.34268488556644,48.06435507931621,41.66516650768698,0.124887668135436,6.917282,22.928349805137373,88
8,Proud,118.43091991191008,33.98666794150414,46.57119256208463,0.09659249441964286,5.27637,29.2454478939214,80
9,Trust,93.0454468452864,40.907157838889866,40.292978415400945,0.1338223544034091,6.9119453,19.644412160518083,88
10,Surprise,84.36540370488473,34.030585324731575,60.6906577537514,0.11976967002078612,5.430012,24.984613354173373,135
11,Proud,107.88024270271124,43.186458001169214,49.59740556450984,0.1314277874114522,5.32422,23.297922152315504,121
12,Trust,94.71306923197226,32.36567679205095,33.51918351824979,0.18387479892434683,3.8678765,19.023182417208535,157
13,Trust,109.72688016968151,37.78917279877123,47.66732102747319,0.13202934760551946,6.2604265,20.004861662188567,132
14,Trust,112.4597667537701,42.94825855844571,41.51715333572138,0.1267913934102402,7.02581,23.7853806152021,113
15,Surprise,127.24072431707059,23.521365219957666,37.559091675187695,0.1052511825042517,4.5673366,13.763983079504747,48
16,Surprise,113.06929805841203,51.44554954061702,30.569850317485695,0.1401043482222081,7.663417,17.51313580936936,161
17,Surprise,129.34583029640427,42.62972755256337,28.79025186254899,0.14552616061305473,5.807846,22.726236666870502,63
18,Sadness,103.94182347701307,33.811861587870034,49.52701291506784,0.1428954861496229,6.3623557,17.95345764461469,92
19,Trust,127.50436217937515,34.09595916817247,33.4434376017688,0.1603992303256919,4.468896,21.67348885597748,73
20,Surprise,109.58991167990082,53.607772838191124,45.13828239263265,0.20096485722369933,6.132037,18.063493689334464,142
21,Terkejut,122.07795719780658,45.72895641575886,54.72311140160169,0.1908919887709548,5.912627,22.335365660246364,112
22,Surprise,130.35464631164967,14.284371426372273,28.19030418978919,0.07911617772108845,2.11344,13.714493613176998,30
23,Surprise,102.89340189200682,56.10757008058907,40.81973210877922,0.1601460157542747,7.409756,21.717367007507036,111
24,Surprise,128.39008913624042,42.351055171870954,47.473533223592376,0.1264705735809949,5.8263516,30.205961997420253,80
25,Surprise,140.63927362779788,44.815395382025756,35.15897691387646,0.2014656795177749,6.387231,11.690753637958217,62
26,Surprise,98.11127712803872,39.66375868055555,43.479265002360926,0.15241540952318428,5.288312,22.95452195126873,136
27,Surprise,85.72305422413106,43.37958000740619,33.06734929581288,0.14084983358577804,6.3073554,21.52679563458696,32
28,Surprise,117.90100248323503,25.832544383529015,55.22747622213031,0.13078096835665406,3.8094864,19.089754269121187,167
29,Proud,73.70775597170687,29.56616846106286,34.58796522762368,0.11025644277597402,5.0826335,21.09145875165576,132
30,Proud,127.67475334280958,28.066670618567937,39.85143882331957,0.0742030425782601,4.591449,20.395185766243777,118
31,Surprise,116.2314657600053,36.4113992430854,47.79715976566843,0.13035802287635836,5.1001654,23.472623667057032,77
32,Surprise,92.42533582992685,33.42116019902626,69.97466472255378,0.09344456909269731,4.9604254,26.02751996269054,83
33,Terkejut,70.52054998290077,29.418303161108195,57.39134226257648,0.06277786250369714,5.2252407,20.825058254002176,69
34,Joy,106.07314627511161,31.84871953426641,59.96364199577708,0.0714584661989796,4.465604,29.502543117495094,112
35,Proud,86.84382933240043,30.39846348695728,65.03793289108636,0.08340660293243508,4.957387,22.38219248493036,103
36,Surprise,93.5810957272506,28.327029782318554,54.99110900485184,0.09345682146213749,3.8235211,24.912066294428147,152
37,Trust,71.51825431623543,31.33320631377551,56.84864985359149,0.09434852810171689,4.2693834,27.58600308499245,126
38,Surprise,96.1326047997324,26.41017854774955,53.11504869998483,0.08161194165166065,4.426239,21.603683153569488,102
39,Proud,97.6681704130275,32.14006526087999,58.25798109089493,0.083511294480716,4.6936707,27.89389686344506,118
40,Surprise,72.89099353035932,29.103325338287483,53.17915317770698,0.07645261094739618,4.520628,22.574671351046177,116
41,Proud,87.33043967719503,29.085073609077867,56.65521733683369,0.08814599727602906,4.355202,24.117474559860185,177
42,Proud,87.22880141513522,28.41122523228041,44.61581939214834,0.08022247127006144,4.4130893,24.30416827951036,103
43,Anger,107.16127444162505,39.14851057610544,74.08384900196208,0.13472288183890577,5.879118,17.359881198807734,235
44,Surprise,98.96759558527896,29.59250296100583,37.837669667611884,0.11158093077584294,4.0196934,22.581880331661793,92
45,Joy,51.83357456752232,32.73973347151361,28.356318400853713,0.08119917889030612,6.527861,10.914481306618544,16
46,Surprise,100.03213269934992,40.507192681760216,36.51504800435722,0.11668282484364711,7.1390767,16.253207158220324,31
47,Surprise,37.04066962071287,9.030866777514577,33.77537676354259,0.07257730566184806,1.6074512,3.0981767885584537,36
48,Trkejut,103.3727707737058,47.05946980738231,45.23877098932327,0.09937313339970134,7.786737,24.877641534199,164
49,Surprise,118.54575940309158,58.310289731365096,32.35306360297772,0.1599759323372206,9.325977,13.184924392843357,42
50,Joy,99.01337656665928,29.11350974394692,53.11057536664248,0.09815172332519966,4.8049808,18.72017989875075,115
51,Joy,108.72203768660243,41.51906370321809,30.83140358710397,0.152326526675485,6.188352,19.691138723284176,162
52,Surprise,107.8243034518495,44.58762839017186,28.034032200346484,0.16560307716836736,8.201778,11.146638218899591,20
53,Surprise,98.61661986843349,17.807365764815543,69.06345057567287,0.14118525014172337,2.6742392,4.441154633467135,27
54,Joy,110.05614541897268,52.777640292377725,48.761966490877064,0.16270186570390865,6.938588,21.98916150821455,59
55,Surprise,70.8950261745323,32.674868851885265,35.85982916534086,0.09595699328838678,4.1912413,25.919237358618425,42
56,Joy,129.74328538544324,34.2161361627325,27.61463413447182,0.11638582190688776,5.8198395,17.951051735131372,80
57,Surprise,110.76592594068879,55.07287180585015,30.4061386617813,0.11789965986394557,8.570763,20.710000911931832,90
58,Surprise,108.41323844415483,37.195119542845546,18.066808767929437,0.1348262810559006,5.4914236,14.58675436254869,23
59,Joy,166.3017088937848,34.38090919961734,38.120067774942754,0.1153756957328386,7.0099473,7.131195061726015,11
60,Surprise,101.49227346857704,36.473327562194754,21.95896306287517,0.13238535946687996,6.3532333,22.548264893153394,118
61,Sadness,92.66744525935374,48.804362928207,41.4919174445068,0.09390678146258505,12.557615,14.00837930709227,15
62,Anger,119.4319489514556,48.520677216198976,28.223369087246944,0.07243795955882351,10.995895,23.961617366689506,17
63,Surprise,94.24883278330157,32.7057606007342,19.283335858303815,0.06832671886525696,5.696963,25.377967643086592,83
64,Joy,125.34295122438857,33.260820621091185,24.737616808006727,0.11178239897149338,5.2981915,24.704091237378677,63
65,Joy,44.638552295918366,10.537514947385205,20.45067888221936,0.08992157130709426,1.7581635,6.95589921067338,21
66,Joy,97.7715757201318,51.36896097567549,32.594339815773935,0.10449716996173469,6.673416,30.225324639615803,72
67,Fear,112.20344234448584,19.830661073022963,27.040336326744924,0.12322777668759811,3.3742993,8.00031908287858,13
68,Surprise,101.60092031604307,32.91484093637455,25.85100804204957,0.11444936047335601,4.2217827,11.200817114488478,18
69,Surprise,85.0025680438191,29.851707097400134,18.157500338500757,0.14566102319834184,4.581468,12.856055374502976,48
70,Joy,94.46194788284633,40.29657543906986,35.08595939601729,0.1329423459724799,6.552909,20.60363964277164,66
71,Surprise,88.33152043935782,30.337272356859405,42.591374048810444,0.16767153532608695,4.7141705,6.282991882254223,46
72,Surprise,134.3121719547194,29.710281441977305,36.54930791795579,0.0994678730867347,4.6567225,25.659142654564786,50
73,Surprise,91.65301139987245,42.93594113936336,28.799294048268695,0.13133603050595236,7.299276,14.466733262770456,24
74,Surprise,96.1558510652672,53.16682656359958,27.357081619007946,0.1194125491828087,6.385454,33.55145878336344,59
75,Proud,111.34963926977039,26.211984793917566,60.28246491423947,0.1023819233222135,4.18905,20.15879695944761,52
77,Surprise,170.57621472417094,21.043559302832975,69.38735322241999,0.10802774234693877,3.810517,14.753463617808691,20
78,Proud,112.46315104166666,60.69494620315798,27.2035316689043,0.09420705782312924,7.6024313,19.446909450384084,30
79,Neutral,158.54367849658996,37.81489864012011,48.66771143513016,0.061738191769054554,5.1696897,29.900991161345832,49
80,Proud,89.72747625328542,31.079244185467154,41.29726780733271,0.07938722363945577,4.741354,11.815627061612725,33
81,Joy,133.11510111857243,60.57874681122449,25.447267280339602,0.0682233831032413,6.1854205,31.563235264506176,51
82,Sadness,150.5331547706173,52.15811277636054,44.53459920615749,0.11227038202576115,8.32019,16.92176480458645,61
83,Surprise,146.95798290019135,35.93088074658054,24.992542203047652,0.050922004544005105,5.7523637,20.75186444161508,48
84,Trust,138.21812168535178,60.319667271205354,29.201159648475983,0.11911789798156103,6.7018647,25.896461568822023,57
85,Trust,41.0801763506742,14.226953125,15.791317506537252,0.07151683217930029,1.4954236,10.033453349757012,56
86,Trust,31.709463950053713,16.66685840310193,10.358898066445589,0.06558849691192267,1.9088418,8.809180773028336,95
87,Proud,116.59335101227992,37.240290577168366,38.79096640982128,0.08964288840536215,6.522686,19.470451560345346,51
88,Surprise,141.06420717257072,37.27837639416232,35.60767895311998,0.07811684688079777,6.4573727,21.980729595673974,44
103,Surprise,76.00396149413714,11.665604216016764,25.120445011818802,0.11364628088077337,1.2796514,5.745662674150804,57
104,Sadness,154.46005515132188,44.82711448294596,56.485736554857496,0.1385214952458256,5.75013,21.7507044344441,55
105,Proud,122.09389577552996,29.039105346596003,36.28269497617567,0.0690285144744109,5.186639,14.598689531682568,388
106,Proud,138.0435334289966,46.48270242592229,40.35031541443242,0.0717432214363018,6.0794306,24.733103299062495,66
107,Surprise,96.27048893159238,18.860312810019842,47.7192596938575,0.09319091534640173,3.4275298,9.983023152785318,19
108,Surprise,79.54716066113946,12.722882820891513,62.96734510269629,0.11988876079277865,2.1941078,8.414063837256172,39
109,Proud,117.13045058139537,39.98730326393951,35.510581701653564,0.10064758098006646,7.267291,23.701077237074152,43
110,Trust,107.11030998841069,51.45803142503605,61.77482946744381,0.1422879635725258,7.150565,18.76405940007597,93
111,Joy,119.1767663011385,25.769674895311898,34.59351961740883,0.11289815405328797,5.7900224,10.364105094432286,54
112,Joy,142.37491836953103,48.506767843856295,32.73724060342564,0.10811696253844003,7.471139,16.836078313852013,73
113,Anger,109.39813810941044,17.53511325527402,33.04287346213219,0.07464126275510205,3.250228,6.11274052685804,90
114,Surprise,119.2594709479774,34.429629654834486,39.983997052764344,0.07691165193756075,7.4793134,21.743300360585216,42
115,Surprise,110.79741183374949,55.6948103964368,60.34879437220966,0.15106421142260093,7.8315697,15.705503764508713,94
116,Joy,99.42099742240644,22.844966407899367,58.921845952175914,0.11369645514455784,3.6463642,10.101683385816779,30
117,Proud,160.8631816007653,55.90698373304914,42.250669419351034,0.08632127730900054,7.6956544,24.103193892883173,39
118,Proud,44.26988762268679,31.54066685267857,23.24404873987301,0.07752507782774126,6.2211504,18.52607596221127,59
119,Anger,109.99431137013097,39.92028544958638,46.49981135405921,0.1595177283653846,5.775819,17.861719871172813,104
120,Surprise,93.83357344053694,38.661958199819566,86.4032725302215,0.11789263696550047,6.3103557,17.463289383577088,42
121,Trust,133.3930401827672,24.664254257446224,60.910728013707356,0.06701725714957037,5.5118356,15.113961216927024,38
122,Joy,98.73885957792209,37.948409376771544,71.08533288141675,0.1880500637755102,5.713739,14.07844491208129,55
123,Love,86.77195471938776,39.107900191326536,42.1866222378288,0.04424752145176253,7.680105,14.805062262571099,55
124,Surprise,109.20085797991072,11.050163424744897,71.59846665490457,0.09374003507653061,2.2481735,4.7502793372817695,8
125,Proud,149.60768170115267,43.728695369657295,26.625154063064652,0.10539345946712018,7.73614,22.502564707914697,54
126,Proud,134.3995594881019,54.15450882734046,33.228726706975124,0.07664552026865434,7.8120513,22.29555739929934,64
127,Proud,125.23407273065476,39.96091250324282,33.854938373401446,0.13047472895408163,5.065446,20.303998008051806,60
128,Surprise,117.84836254887468,23.702584637923565,44.54599553293156,0.11187833778371163,4.3490715,9.7477740094756,107
129,Surprise,121.83134331857742,41.810002125850346,43.13015619136316,0.08725685586734694,5.774035,32.51430104768439,85
130,Surprise,87.02277054535476,39.06885951925413,22.26039559485378,0.09636637176672994,7.1021996,17.68185960692922,43
131,Surprise,67.50574053406085,27.479468424990184,45.39430768682281,0.08115064602229781,5.433131,6.966582234362834,27
132,Sadness,102.69400609853318,33.86336502291594,67.75886711773506,0.1347081606079932,7.121827,10.986329366563309,60
133,Surprise,92.89229231287686,27.931522436372806,28.08283393732271,0.10389610389610389,4.6748943,17.2118536075622,44
134,Anger,55.817130280360495,6.300574776785713,38.66807564065387,0.19671099833848016,0.8033993,9.222235148100996,76
135,Proud,56.51282292301249,7.665444604688466,38.185751000294424,0.19470746554218704,0.9943289,10.15726147056336,67
136,Anger,55.59965937444056,7.623794600150328,39.15207454302531,0.19285658342284281,0.8633796,10.623933399846642,57
137,Surprise,27.14172426312393,1.7192370660154301,32.40087756990884,0.08044094426174087,0.14155479,2.9642581011822524,83
138,Proud,99.56205212198516,47.80920124126038,62.555543169857586,0.1027626391465677,7.155014,16.13081278406908,55
139,Surprise,105.6630582928736,39.039995608899304,25.904839889657755,0.1387538445317643,6.538898,25.2365014413327,62
140,Surprise,112.6800761320153,25.084878236481604,48.33795113578601,0.15983192288145726,2.8707857,18.21479010749852,128
141,Surprise,109.97064938559129,36.88782648712894,31.399456887355637,0.18175557751002186,5.980655,20.73511891191291,56
142,Surprise,111.08249094335478,32.20050887542517,31.04372258624941,0.12041058098444297,4.1557436,23.773224595742874,61
143,Surprise,99.74256816007653,25.328468733876974,27.473694829006654,0.10193496669501136,3.3238986,21.698885669565282,90
144,Surprise,102.82673180879495,31.71045480882902,23.756199237870682,0.23344541499635574,5.528914,19.276320887486637,42
145,Sadness,102.86882078697442,46.12589830139373,43.18624941061602,0.07876875806798622,6.298705,17.130234418226657,83
146,Surprise,81.39744891086823,29.777537803772827,37.964629603308886,0.14299836987596762,4.635999,17.98012100311028,58
147,Surprise,120.27782396440719,41.37850765306122,23.302134573310845,0.12433503907515388,7.4720583,18.311256863175235,63
148,Trust,91.77321609751854,23.00715075526739,23.91009569233072,0.11400923295454546,3.383174,23.39255556619968,55
149,Surprise,135.92319435586734,13.125441409202567,28.448357049185294,0.06476692949907235,2.2798223,10.234709981982048,55
150,Trust,87.57784517417609,25.92353218042354,41.919031382679066,0.16346568188086044,3.152195,20.640665096418726,74
151,Proud,89.69961668261055,27.38053243593785,18.9691725167726,0.10759637188208616,3.8350577,27.891097202456724,90
152,Trust,122.93997395833331,28.795775687760898,28.3793655662179,0.12269079506802723,3.0333116,31.84196683979905,45
153,Surprise,95.08862372018064,45.59053774549203,19.51814580575446,0.171222701496139,6.3674006,24.125270063259276,74
154,Trust,104.1340740169073,31.06167074506434,30.906271163145675,0.11925723580655669,4.861609,20.079569705437912,47
155,Surprise,112.76670364760487,32.7310084233834,20.65014196617792,0.12603989512471658,4.4541144,24.28315719768177,90
156,Surprise,100.7802329134779,47.07854420237375,28.62388819087279,0.1387472762542517,6.8604856,26.393222667379625,60
157,Trust,111.96582222883143,36.7964881265006,27.374928273929303,0.09140287725667189,5.9582562,24.340182619325194,52
158,Surprise,102.33648616868622,34.59814161223202,26.14651260188641,0.08442243303571428,5.0985537,24.088141821857135,100
159,Surprise,86.0413017819068,37.452528312461354,23.758065934431418,0.12144921518047516,5.3350077,25.00780342336107,67
160,Surprise,106.7174528709789,37.52843714263722,36.16013264852089,0.14414819158595643,5.0219827,26.97585049795509,59
161,Surprise,90.38456952514804,38.4313663404815,37.0259443895881,0.09014983308138069,5.316036,25.613212894389548,81
162,Surprise,64.24832907493355,37.90886908590237,32.89927488032341,0.04401046132738811,8.9981365,17.065657437198958,119
163,Trust,112.59133214720549,27.658762077029092,29.058896851453802,0.1350661580328154,3.759287,22.320422878562592,88
164,Surprise,97.27907963966837,36.445427325173185,32.112239999088615,0.17474054962894248,4.82165,20.339623684485442,110
165,Proud,101.47399560327308,39.161939204768444,27.36214026040413,0.14861315288827393,4.6685452,22.461231169754914,118
166,Proud,121.14403408111556,26.349945283511136,24.15216565920256,0.12897142598593492,3.782837,26.91725132573617,111
167,Anger,119.90013222422589,31.605975107157693,21.613801948700303,0.15286444588611312,4.461458,26.482980058668943,87
168,Surprise,107.65083552952431,38.042166120709645,30.10331770471342,0.10160235969387756,5.3127666,26.90521281650106,34
169,Trust,87.59608636615509,30.03577012222761,29.221549654455384,0.12487519341753095,3.852748,24.05382920757056,122
170,Joy,134.1113393674778,43.953745931205276,42.65449651555957,0.15942472241300365,5.239826,21.335259622983717,78
171,Surprise,128.60817639555822,28.553609864704807,59.28961026578261,0.12632732780612246,5.5575843,20.58809103156972,85
172,Surprise,61.53069927189625,20.99539105494726,18.791842005146904,0.12544155683106575,2.849654,10.619581187692175,90
173,Surprise,95.58070847758746,35.316291870008875,23.41118712188228,0.1572180211370262,3.9156458,20.577586766794965,70
174,Trust,127.07558746154713,33.34860623937074,25.445633115958305,0.22346047794117646,5.6250825,13.537309553011378,34
175,Surprise,97.8476826748417,22.096360363091424,45.33466296809737,0.14933211879897046,2.1631439,10.970858341885497,224
176,Surprise,97.55446283627087,37.87735931426142,63.472679376906605,0.1429459212662338,8.071295,11.17579002443673,22
177,Proud,96.33207481757238,35.43474066523931,35.57635204787575,0.12789492613906026,6.4882855,14.965852225622259,43
178,Surprise,107.03890173256804,48.728798682690986,47.00104621294356,0.14049824617346937,7.981866,16.976094729214324,75
179,Surprise,116.51468539830705,46.10282435456821,27.616552639210962,0.10493281829777365,6.701418,20.80677592018462,55
180,Surprise,118.11812013549041,36.83243457257259,19.26685537959197,0.0966506061927322,4.27317,38.76314892863894,98
181,Surprise,90.40688506793167,34.4972141244637,26.42843394487568,0.1558292339056409,4.685603,21.68400533977806,89
182,Trust,104.82987958336024,29.260775914933276,27.909019677624254,0.1524428946816068,4.947064,16.554680563515333,79
183,Surprise,134.573562541336,53.84224999699171,32.91869012822727,0.11704614571523055,9.595961,16.65978318153527,54
184,Surprise,100.55406123386857,33.26962378143222,32.56918283574134,0.1119576736944778,5.668039,27.249583952406063,85
185,Surprise,101.20113751319495,44.68653224371144,42.0076756171041,0.17153573444463996,7.7482095,17.00914462504723,87
186,Surprise,107.3385743359844,41.368026688912174,63.76451997671824,0.14531883065726292,7.3110337,17.431981869634427,85
187,Surprise,126.22779281717091,39.76167063365525,44.926721415582286,0.1201932577608508,5.937247,25.524383734455494,71
188,Surprise,131.55739661559846,32.041461555325256,38.082530856300096,0.14514414877608345,4.6820145,23.364119961096513,89
189,Surprise,117.34090473443592,36.85004851105925,13.906310750514322,0.13108711268917678,7.1487303,20.136123700190073,89
190,Trust,115.50333902711236,37.841515323274784,32.153674929691945,0.14074244026879043,5.7762227,23.430648849028888,410
191,Surprise,68.8784271364796,36.07021015754274,82.8715965269519,0.11497395833333336,8.198041,8.927874291282238,75
192,Surprise,99.84981788220136,35.89937507810346,31.625589640730364,0.1007980072035138,7.164814,15.872946446299947,593
193,Proud,119.20664296160275,34.98585330513784,31.18477032140933,0.12912891449683322,4.5393453,24.498815420253294,58
194,Surprise,34.88461101770254,14.819679727359693,22.980984580375374,0.09377355345547309,2.3337922,7.548800689707049,33
195,Trust,83.44165273868168,27.97096684785833,58.767072655052694,0.10663659321487214,4.726097,17.282256434857647,87
196,Surprise,85.34828270160675,27.580704405341688,24.869532359602704,0.0695275019989339,6.751707,17.965483152116164,67
197,Surprise,110.89795524405258,39.9040284082383,30.814139491717135,0.11528744401103466,7.3754263,22.741598847901102,86
198,Proud,96.76275643069728,39.56697968605056,22.6924307717433,0.2148154053287982,6.77701,15.304247549870194,45
199,Marah,120.34952301232994,27.383595199443413,19.84923619813031,0.15709535767431973,4.621832,4.66241982352093,12
200,Proud,124.25360616916082,23.34435959917734,63.65260942851081,0.07294557272114531,5.7834015,10.73213080020177,299
201,Surprise,127.15693744432642,23.232946884110785,63.0367649271348,0.06847310510481366,5.405311,13.973339240862432,736
202,Proud,112.38393873565052,36.93728620709647,56.72177724173744,0.10807238520408163,6.094051,15.956504333190122,100
203,Proud,118.07599497294277,26.674955698230786,57.102588119195524,0.1084453022390887,5.3254237,12.750311809525433,202
204,Proud,103.74682475200248,26.434090542955463,59.12299261356401,0.09063763944697051,4.991968,13.429446032007055,193
205,Proud,104.55110034656035,28.716516749929138,48.56377208295195,0.06895551833370711,5.072482,11.759418759204891,91
206,Trust,95.9012042056406,34.23826826200986,62.97189368440851,0.11437628436791385,6.4165683,14.375077854137858,90
207,Trust,120.9152649340986,32.214920104608396,56.014865679456435,0.11220478275444794,4.9377875,15.877795624932963,78
208,Surprise,137.46452951449407,29.22171563572859,43.844898002726026,0.08681113288677271,6.23642,12.462688540234696,322
209,Trust,103.78423283375851,26.55060456424156,51.194043998283185,0.07979208424441205,4.8072076,12.508454203146805,105
210,Trust,128.0163552365848,28.118603577354616,90.02175460891401,0.07075707544530971,5.587609,14.684150606800292,114
211,Trust,129.3872646545031,27.001266749831803,49.77530401844115,0.11226569432120677,4.8095336,12.058120126635922,92
212,Surprise,125.10362160708326,38.274179604772335,57.03965572426752,0.12037757933196644,6.3205237,16.326834381572915,107
213,Surprise,104.51323521758964,36.47937943752675,47.03466842202315,0.13723817163584184,6.9401813,11.738779463999393,144
214,Proud,106.00369118952239,21.134319006620505,51.27815539017965,0.1062501439798828,4.2230897,9.86830928518342,526
215,Surprise,90.31668636827814,33.31888296406525,47.076467373510454,0.062103970710216595,6.3857775,20.059425375619778,163
216,Trust,105.98903520896766,36.82686698917373,53.59438763713588,0.10048339522300856,6.1473646,22.775741294668588,124
217,Trust,107.48028105625161,38.50305105515764,54.03541595945969,0.08736387157711185,7.0930514,19.706371499065536,79
218,Sadness,120.79227607950448,32.46391989813344,75.31322891805996,0.060958902922582076,6.6633472,17.7318675064876,184
219,Trust,139.58268700145632,26.662748628586773,39.5532981841298,0.06023216189460859,5.7897363,13.939365661837478,134
220,Surprise,130.31040335783405,37.6300814391768,45.25870929417763,0.08503097031410331,6.3178377,19.02003217633393,179
221,Surprise,134.167381904804,34.69422154017857,59.02579093885969,0.08448321314912102,5.5626683,20.77644593818697,101
222,Proud,140.09899803485382,28.594676658163266,46.939654664882454,0.07590551101392937,5.0067663,21.766047448367598,126
223,Surprise,138.4148681885664,37.39465116124574,41.19640734712857,0.0694339531406825,6.3116927,22.70975409268761,61
224,Surprise,114.20249190382322,25.658582316561493,80.7293497453555,0.08768200868009542,4.5747204,10.400128706015387,77
225,Proud,128.82501274526012,50.67080352160396,48.56166975095889,0.13750610197782817,7.02233,19.577011032371026,81
226,Trust,126.11671804138321,40.755806603010925,44.79398104235418,0.08848436835671768,6.968669,18.093278596269837,72
227,Surprise,122.6321632599014,33.755582075233114,60.73293539743606,0.09546464242476653,5.9187865,19.334373718532948,59
228,Proud,119.07691343138819,38.685978875485056,47.23136175849397,0.09695870535714285,6.768017,18.554036736329692,72
229,Surprise,141.5825257825374,26.620177599848535,38.62588059341879,0.062305405469641265,5.758918,12.759485450354063,161
230,Proud,132.11839951278478,31.294643326080436,41.300807703419004,0.071355572570598,6.1875153,15.922490952299931,86
231,Trust,123.0314751206189,23.47676162364617,55.50960355839204,0.0842555942213842,5.212318,10.82934606199432,115
232,Trust,117.56340466441847,28.515392349541862,46.11890531422555,0.07338934392797818,5.647044,17.12355977871156,344
233,Trust,125.80473355410575,42.86551393888035,48.14030484415923,0.06505829210907335,7.8897495,20.4967840914345,74
234,Proud,128.5780270971952,27.219267043057535,38.881040622333266,0.07596466623053862,4.9834666,12.263142279421194,388
235,Surprise,138.32009302563617,30.154178790656886,49.83021992940816,0.08186196932476694,6.3772597,10.105467628393697,81
236,Surprise,134.24321307032034,39.10079752604168,40.76045448884351,0.0726266492765139,6.4571223,21.796251594579996,61
237,Surprise,111.95502140158948,38.99116279527233,49.96578790364571,0.06769734636643118,7.1736917,18.214027044445512,78
238,Proud,118.08350359819855,43.792091338488525,54.930497672185204,0.07645556775951122,8.444128,19.02717599667402,81
239,Trust,151.91857018849205,31.113773450040124,50.34040349837082,0.09314944727891156,6.9391875,13.68677896406586,90
240,Surprise,187.93967899659864,19.053249362244898,30.091203941041496,0.06389000912865146,4.8187466,10.50964305173812,51
241,Proud,125.79831140726105,33.09174904336735,54.310886723176495,0.08334175895968143,5.5286713,17.13375717937068,41
242,Trust,118.76439965030957,38.42939398770872,50.26662304169286,0.1028048684361385,7.3382964,19.74581354051735,89
244,Surprise,120.3463379492422,33.56111175230354,85.26243824410523,0.09436899759903962,5.7091537,22.629796883442367,68
247,Trust,110.78319701016058,29.835622974944293,55.986080116939185,0.12573672491013452,5.772554,11.194345018280101,88
253,Trust,152.05508964002271,34.05494341735274,44.72778847713068,0.0837328160430839,5.581973,14.500070747312312,45
254,Surprise,126.74645470167233,45.80201578085588,56.81458012883474,0.09096513605442177,6.5098515,27.168599527360588,90
255,Trkejut,130.19549408304988,32.923124310292934,47.73771036236409,0.08163907490079365,7.2247205,18.298529793799382,90
256,Proud,159.04706050088305,35.08610092474489,47.81490394240351,0.07006874264128729,6.5694976,14.44669272053085,26
257,Joy,122.49937766680333,53.10505094357019,61.65528438213098,0.16542176301324102,7.7047067,16.64188835790526,84
258,Trust,131.07243257830794,29.73462312659439,60.83872561678664,0.09136070539896286,6.159898,14.979002773283009,61
259,Proud,129.5666033743043,30.67496523348923,45.92879833264622,0.07062594213821892,5.629281,17.841684334131386,55
260,Surprise,120.09102050669286,30.518071841662803,43.54107629314203,0.07278088991916992,7.2227397,14.786409231035554,89
261,Surprise,109.24318993633638,41.05756558343204,45.898587116026754,0.054376664317042606,7.554341,17.730278656326792,57
262,Trust,133.8504736660289,30.75227200255102,55.07698051404785,0.07493688881802721,7.240228,11.64904814635528,90
263,Surprise,124.08973612882654,51.80223984456071,69.03377873307053,0.07795692495748299,6.5048122,16.915826285169597,60
264,Joy,137.27380269179758,25.78948740433673,51.6423278391874,0.11839597344619665,3.3439488,21.742490011096614,176
265,Trust,126.20123332536139,48.865469200587846,24.17142568085772,0.1307746731505102,7.870066,16.747419300799997,24
266,Proud,136.21403991284012,40.53246572066326,50.722305104493195,0.12664698040674605,6.3609943,18.356737403838398,144
267,Surprise,110.28596105345548,48.46635915650983,58.22025506811205,0.09275676890074212,7.0339975,23.933052053141882,55
268,Joy,143.45819120058738,55.350843674334136,52.548493819352,0.11454369694306296,6.9396644,22.715744214884005,119
269,Proud,130.96964531004707,54.016617584533826,68.93098363094667,0.161766734939168,6.7541184,20.27771377457406,52
270,Surprise,128.67018613000755,51.22674800088305,43.68280136268312,0.10690886597694631,7.9620695,16.94154168570951,27
271,Trust,142.455416346226,22.71058292720073,47.78662348764745,0.11106639921593638,3.73829,15.289800085973159,68
272,Trust,181.91079767036126,43.99079171548707,36.30304681227846,0.0802261098404879,6.5583363,22.08196311966264,87
273,Joy,155.9608716207837,30.819962516986934,53.196407134569874,0.06811228180508314,5.143871,20.545961878638977,108
274,Surprise,155.0122435693027,20.19218311543367,38.01590017981229,0.09334515056022408,3.7999637,13.48790350608661,51
275,Surprise,174.39576012436225,27.528448432944607,54.06787768115224,0.09797114158163266,6.193173,16.347049633555148,50
276,Surprise,141.82298596709367,27.26858674855812,58.24212860165478,0.07841003982528262,5.2908435,16.29741091499786,139
277,Trust,196.33896101453223,21.664113004043944,35.614625123917286,0.058033027115340516,4.3574557,19.474836964487256,89
278,Joy,189.2811507748046,21.03996410894521,30.37833248800969,0.0869797885909683,3.1210258,18.976613772454165,47
279,Joy,184.1155058195153,15.588107412926904,52.661251759999104,0.08615074936224489,2.153682,23.79656974211532,50
280,Joy,169.59219281462583,19.60023902304566,24.212858511663065,0.06646969334608843,3.4068162,18.107641378275243,60
281,Trust,174.03830728226026,33.6227751528904,51.92044685744303,0.08384698251535126,4.946967,23.411996768814067,113
282,Joy,130.5643888059485,55.29710581543664,44.26134263920448,0.09775589923469387,7.3322244,18.069872177067488,44
283,Joy,180.42579931142382,46.645054569206714,34.802286253037046,0.06597588986766581,6.2443295,25.459292295132958,32
284,Trust,81.96987935799321,30.51732200526487,37.9165301618708,0.06927739357461735,5.7078967,16.56812301691937,48
285,Trust,106.71779454740367,31.893764016885726,49.548350838750615,0.1416226724036654,3.6292567,26.906514020848714,152
286,Surprise,193.41279695471943,23.7115115577481,30.248703793106635,0.061124840561224504,4.6619177,16.179716837573153,52
287,Neutral,131.6001960279304,30.600040489057463,44.43409135203121,0.10042547668105704,4.0892415,20.61887507929873,39
288,Proud,117.64774041884193,51.51562120383868,39.85251289850113,0.1063748628084955,5.392044,35.657920919893556,43
289,Surprise,132.7163263742997,48.092176737882646,49.3373703798276,0.13774689563325332,6.8816557,18.570852729871216,51
290,Surprise,140.938232593684,48.00875654538131,54.97305561455377,0.15802375637755106,6.7175684,15.40541957411551,58
291,Proud,171.25829950369572,34.83991958695004,54.296207737244224,0.09555543972396652,5.373326,23.90495869517052,78
292,Trust,178.68328483737247,23.78103077168367,43.923382751207356,0.09541358861252835,4.655357,15.201377137477175,36
293,Proud,179.28583851509353,36.610725079181954,42.959205303538134,0.1134845344387755,6.025494,24.44303646255236,90
294,Surprise,154.04055325255104,46.06351000410757,48.92342387905955,0.0809317867772109,3.973237,43.52962110425264,60
295,Anger,144.43959057930516,44.391639346168155,48.42870247717954,0.06202127274879024,4.7806435,46.49802855451723,97
296,Anger,199.34910481770834,23.3676566958881,60.31540310262439,0.08853601987670069,3.090458,28.497028285158773,60
297,Surprise,146.86469352018827,27.656516080938953,54.34477697197673,0.10407537880453904,2.421306,34.93239354512642,58
298,Anger,162.25046951397746,36.32989004753687,78.355449570434,0.06770650643069727,4.5373282,36.16785081042335,120
299,Surprise,197.8118951116631,30.21784995387664,53.622948875736896,0.06538038735230935,3.4075317,32.02235410239991,57
300,Surprise,88.29630664347212,41.762044512407236,46.0810810967726,0.05814959912536444,5.403012,29.800315458999517,56
301,Anger,77.45927073543233,42.66177102055311,72.4233235859979,0.057091069510510975,5.6577334,35.96244576748491,133
302,Trust,111.16428528721755,37.83264018347724,49.04859509726899,0.06815733109251354,4.47847,39.61739457614351,196
303,Surprise,103.23500127010551,55.41674890592012,39.008845807065114,0.0726409141516776,6.3197103,35.51766652450006,59
304,Proud,105.56127253496265,39.51913084125695,29.579866132930302,0.06913735081086006,3.977739,48.05952913991003,56
305,Surprise,113.04115949530782,41.65645931875354,67.62284148434237,0.05911496242368138,5.2776575,36.07971757379267,361
306,Surprise,174.00535476467374,27.881830532795746,46.36742909933369,0.09328960378794376,2.3484657,40.89174786272213,119
307,Surprise,154.77834954294218,42.39468449436362,54.928913539175085,0.07576769770408162,4.4817295,38.85063745296829,75
308,Surprise,79.9104153380102,55.121485229136304,36.73395709373043,0.06841916454081633,6.9245114,30.733891644997957,15
309,Surprise,98.88266975920435,49.04459746138039,73.4457422072364,0.07396612572393821,5.953017,39.40383773576609,37
310,Surprise,101.00175358249167,36.973240014819964,53.08668258353461,0.06566437161599332,5.039926,33.89128080607316,245
311,Trust,108.70241477272727,38.39994985094329,47.77974794760944,0.0696176730635436,4.9264736,39.460817331222515,44
312,Proud,110.30524172559652,49.5210670380559,43.73004791428842,0.08103534382503,7.1768765,27.113903717167975,68
313,Surprise,104.37630993448516,48.39115076834306,48.87603936840299,0.05562057919758812,5.4930124,36.16901410527159,22
314,Surprise,124.92996166315083,49.97051029726014,71.06998784475793,0.06519180689102565,5.9982033,35.514119894594295,78
315,Surprise,120.4744366855695,34.31777621034827,71.68128824510653,0.08384939068532819,4.6316824,32.73456976391038,185
316,Surprise,99.63307645460074,42.47692639555822,56.28841272302742,0.055939604221048884,5.5451555,37.11277582205196,86
317,Surprise,70.95027398294845,49.29225238272393,25.134931518605395,0.06314090191997852,6.3348455,27.604574240442584,19
318,Surprise,84.70832967952806,41.764580256444674,19.924770799364598,0.05580955038265306,7.210973,25.465455159892528,20
319,Anger,97.76592347318393,44.09259262816572,61.51899554805519,0.06434422262208454,4.7750335,41.3979294377748,84
320,Surprise,124.52802345047756,46.728029571203486,48.423403324352535,0.0639147873902468,5.3840356,39.50553730521516,86
321,Surprise,190.83467911700814,19.389857542719472,23.262988233962908,0.10677446637834821,2.1972616,28.332522164299604,64
322,Surprise,140.05637489370747,30.812611134231233,26.319779008412915,0.08654536033163264,2.8315198,41.360481326456735,60
323,Kaget,108.20618106084765,35.684211575255105,54.20561913129157,0.15168697095315398,6.50314,17.30392256289935,44
324,Trust,101.31387276785716,45.43009789215431,54.57361571459851,0.11395089285714284,4.1354995,34.90686400176083,50
325,Trust,147.11586290332107,47.73034014608202,24.8746280950354,0.07335770679799698,5.620829,28.257747216198407,54
326,Trust,136.13022373366962,40.86496087617739,33.64679248362239,0.07751532786410018,6.6933293,27.11536029449564,66
327,Surprise,150.0424761980685,15.580368953136812,50.62353722277659,0.049991173924927114,2.44003,12.174604577411056,28
328,Surprise,92.90512197066327,13.226874211763358,45.92579025784582,0.07505336770124717,2.2842624,14.892252920340072,90
329,Proud,174.39822984385285,16.33629490858844,29.173166239056762,0.05437119404213299,2.7238533,6.136689347506584,31
330,Trust,96.89667574220377,49.76200023340522,62.940482645725176,0.12944577942784255,6.8560953,20.131263535793433,98
331,Trust,172.0203552827381,8.288471337648234,33.93204319084702,0.06175701530612245,1.541605,4.8263438313334674,75
332,Proud,114.73750267909418,56.41763525722789,47.17347469687619,0.15723309687604545,6.708502,17.071468775900616,61
333,Proud,110.84426660261143,21.95253195239244,68.61046182538311,0.12136385187298607,3.4298115,19.33507564111739,38
334,Surprise,108.74074983331401,8.77761232841351,69.50569404391898,0.130174512987013,1.6208264,4.587574394951949,22
335,Proud,83.02587618854359,30.581060223568596,28.84286923420615,0.09629304846938778,5.9798512,14.122051955274355,55
336,Proud,115.73608709841358,40.435679312047405,40.056804534091484,0.09394307039221939,7.5967646,17.893536253023157,32
337,Surprise,119.88974595139396,25.536043497260017,51.550668538656176,0.14372551475947523,3.3978498,24.589323375469856,28
338,Proud,102.4814966701825,23.75651466836735,73.3049522096806,0.05971901981946625,4.1859074,26.184518294498766,26
339,Proud,112.08615025111608,23.77640449208529,57.64792346163656,0.10218431122448979,4.4556723,16.807765539199952,40
340,Surprise,114.58048153259148,8.939391911898687,47.71154536179087,0.13366329829345533,2.0843184,11.179253599513656,29
341,Proud,115.74768447717095,15.018936261027848,56.58459238094402,0.08568410623177844,3.1779983,17.75123681228286,49
342,Proud,101.94151559483593,9.624408194267291,33.75405893479281,0.14829314327082188,2.396503,12.099468042172143,37
343,Anger,105.74509112539246,9.35416275885354,35.35184236812021,0.1631204314658556,1.3281229,13.672721677954053,52
344,Proud,106.91288339463694,11.137289597758746,68.17670169111237,0.13268689561580446,1.6234659,13.247973297171436,43
345,Surprise,106.0289218315167,6.9159669075963714,38.41563857549344,0.1417341865723562,1.2487091,8.686066445289612,55
346,Surprise,96.5325832380366,19.90548554801385,50.54092728790326,0.14446802427867697,3.5782852,18.416437333130112,29
347,Proud,110.34936281432215,10.566621375112545,60.23727160334885,0.15374510295189503,1.6807208,16.68821103136257,35
348,Trust,144.5245479156612,24.854963951548086,26.788261620820894,0.08412819308466629,8.29051,5.219004208538485,74
349,Trust,125.00950617462891,29.67445856639674,35.27622713406784,0.12139016117810762,5.36526,13.695222350574982,110
350,Surprise,114.41521295041453,27.891776331927005,58.36938420851135,0.11151397082270406,4.4943433,17.364937575675157,40
351,Trust,113.8878034503732,32.92029339742973,67.76644781986806,0.10440803925736962,4.667302,19.308099688179162,54
352,Surprise,133.4241828762755,32.63261320153061,19.744557110729648,0.07715640943877553,5.1044874,17.561351903539453,15
353,Surprise,112.2571115905778,41.83676799770073,39.88071211893054,0.12335954065067588,5.9297,20.75174332204592,77
354,Surprise,92.73918669918251,29.086742109634553,29.316273020825122,0.11221636204197587,4.747766,17.24749140736715,44
355,Surprise,94.01740251127622,41.96718726553121,46.851027517537545,0.22763033542221237,4.548424,25.94093086060959,69
356,Trust,100.57116238974403,6.397975536368394,21.978691338400647,0.12573199963248008,0.5848754,1.9499159583632073,118
357,Proud,98.44334299700697,38.145950255102036,66.81820065847161,0.12566222342897557,7.2880015,11.737583274970646,101
358,Surprise,107.81631446781012,45.72882573341837,26.388673999812895,0.1388646175986842,5.9034753,32.889652435739045,76
359,Proud,86.24233623959452,44.43919679324523,37.5967354305372,0.12973617078410313,8.464304,15.497336759444295,95
360,Surprise,116.03785252833106,56.099178733993604,29.008863967383547,0.15404545231554162,8.799904,12.464422219581447,52
361,Surprise,128.8460301096074,42.0840874604152,36.931747015769616,0.12203754648045657,9.332539,15.556869159380303,59
362,Surprise,120.75574762550112,51.86294497912801,38.874561720288746,0.11941821929664721,10.250202,12.221882656293529,56
363,Surprise,110.08234387505003,48.71791095344389,61.174469771588356,0.11284201180472188,10.365961,18.775899555897546,51
364,Surprise,118.44026271967121,38.640581063746524,41.536845994765656,0.12239273313492063,8.692989,8.698139014020116,45
365,Proud,124.91905475183493,52.94888470460087,23.684033399698887,0.14530938814670608,8.35042,18.612547981013922,114
366,Surprise,114.0302183681861,45.83987445273718,17.741989491818497,0.12335736103651987,8.433481,15.450596041957477,38
367,Surprise,90.23515226403062,56.29874110986471,40.177238040566486,0.0957592107639516,7.7379327,20.62062727082459,113
368,Surprise,109.25215989716199,37.51409775454478,29.580386282413265,0.17973176725618129,5.145571,20.48361656837564,104
369,Joy,89.7610407519378,43.95920070091142,23.939657376059248,0.09586313867494113,6.892984,25.786005250679306,104
370,Surprise,115.40405439519556,46.1930918421394,26.88868302661972,0.14996346194727891,5.459835,32.57406566840963,60
371,Surprise,110.14255598072562,48.63420668338358,22.897961015434735,0.18401936295351473,9.849016,6.962573387834989,45
372,Trust,96.1220436458034,47.441826769770415,19.712734494004263,0.09621063434176488,5.893793,32.70907776558402,71
373,Surprise,113.92858561592013,45.89015905392329,46.47593738621982,0.12958420258993428,8.810963,14.549812178376296,59
374,Trust,118.29961677751457,45.03954307641227,34.76888234492978,0.12460465691378594,7.3838854,18.03455716519973,98
375,Surprise,115.24927110503613,39.01960462807282,40.823903252954686,0.14483019770408162,6.1917644,11.134572248166329,89
376,Surprise,88.9164769345238,39.12701183725179,26.961949900820148,0.10469281462585034,5.732122,28.05499458870799,75
377,Trust,133.39721411401098,19.644443434111924,34.022997169555104,0.08844743426216642,2.1374784,24.28526897526781,65
378,Surprise,133.5625844527264,19.158261148605007,38.178451098545494,0.0765129245057398,1.9281809,22.639231480891276,80
379,Loyalty,98.67868618253222,47.11151724652627,45.01602689667971,0.09953951564178305,6.3326817,27.2616097013156,95
380,Surprise,77.99745319012287,36.894994476585275,44.909869266933356,0.09622073961626905,4.7057304,31.935693020164095,71
381,Surprise,143.07654620951644,47.97624011830007,37.71598584202422,0.11759974455135315,6.7550507,20.90879289732475,92
382,Trust,102.67178780691964,31.68885438748563,42.451039645567064,0.0895522759885204,4.424995,31.648204640069032,72
383,Proud,124.16585538903063,40.20635040333701,34.92224112613194,0.10313934948979592,4.748733,38.7794260628355,75
384,Surprise,71.68970628792057,37.69133171783268,33.33550651040481,0.11667875025854939,6.1827545,28.26642006770821,74
385,Surprise,132.58155293367344,33.234637824856506,62.86331865480828,0.08415362539246468,5.1077495,26.294059229835543,65
386,Proud,142.53009747793033,38.798777636054425,48.95223015552201,0.07769677052564447,4.9166045,26.05063059495908,76
387,Surprise,96.64511845838881,54.489098373724495,29.996630640028638,0.13551371635610762,7.2443957,38.64377043223216,69
388,Surprise,154.704348079376,34.45645670988122,59.14766255892132,0.06969252845368916,4.326539,25.897758108458323,65
390,Trust,91.2110235799772,55.29283138406572,51.697092254905115,0.11087949142422926,6.7465787,21.83834539023215,94
391,Trust,174.97211791239027,26.326800954756898,44.65658451881672,0.07200769570182723,5.012019,14.547186903417836,86
392,Trust,158.31082622502123,41.392534211777935,31.355795887245847,0.14815781781462586,6.8418145,21.849654649467176,60
393,Trust,126.15301823296281,25.653406097493345,50.48733285489072,0.11378547512755102,4.215896,18.59406428097317,70
394,Surprise,101.90043048469387,36.551825352536845,44.27997988409203,0.19066674778464018,4.1582747,23.24518994442424,19
395,Terkjut,137.13554340005228,45.74375652249537,41.449788147000405,0.10722308755232862,6.0075507,28.50068438838594,78
396,Proud,119.45012349632741,35.775381534192626,72.56950497722512,0.17267597367610837,6.285957,12.869880439605224,58
397,Proud,147.0742110352205,36.53250292304422,32.778284291324006,0.13917076407175777,4.917303,21.134395456750614,31
398,Trust,110.82055383232839,38.64428212691327,42.59393534538626,0.08751666859925789,6.010833,24.50157991170147,55
399,Trust,140.27009278986318,37.992489105017,58.268877381543,0.20571653712996188,5.2764497,15.965613804844004,91
400,Trust,56.87576085121548,32.9450267059949,33.93410540243147,0.07436060361644659,5.399603,22.332189294831814,51
401,Proud,145.9854404630532,26.153732984189443,34.22321273880888,0.08570394010834671,3.2601573,32.86131515876868,178
402,Proud,44.21890819316008,10.269636213860544,37.646140350768455,0.06962865712691327,1.2356861,5.3699421912960394,16
403,Proud,127.2057240865096,28.562210715252014,45.38178822967007,0.10183155293367348,4.382481,15.043049006492112,34
404,Trust,137.3362008921086,28.348243992467275,32.80552104483415,0.09210040750455113,3.4171631,38.520094031964014,213
405,Fear,130.15713336115698,32.802160033047315,24.735713737609835,0.19654990902611044,3.568604,19.907231217819934,34
406,Surprise,130.0715731786901,37.86344163781584,55.30711602677699,0.1148645141196013,7.5247827,17.36031866591641,43
407,Proud,61.89049424076033,19.34401058274873,43.9686946172231,0.10490390897212543,2.1016717,21.168084347567106,41
408,Proud,130.96769404483106,22.087778021364795,115.41045798426731,0.10359109704332552,4.8331847,9.783120924858554,61
409,Surprise,71.7878997077827,29.573151506696426,27.636549941978306,0.11235010141351623,3.8400595,24.87419345367037,61
410,Surprise,103.933705736759,33.878544631331444,85.615981337177,0.15341664009353742,6.9633303,13.047871705521825,84
411,Proud,114.88789405736253,25.899829050340934,45.55011364751477,0.08961584850954273,5.0236683,15.501957418048573,108
412,Proud,80.48837152048318,35.22379349689095,118.26912166444151,0.0829327824879952,6.7639246,24.40951969225531,17
413,Trust,105.00447873485332,27.9701604199372,85.95729734788668,0.15637655452806123,4.6057796,12.31371070384532,40
414,Trust,122.85070593615737,20.527001762307314,31.44736032665731,0.07512377483888293,3.0371137,21.26506066966177,95
415,Trust,115.1563435169741,33.04361148756377,71.52954400880648,0.08564621762166405,5.0726895,12.579735709598529,13
416,Surprise,120.00451152683296,39.03285908601722,57.71013023069958,0.11803464151864448,6.7294374,13.921703849446498,81
417,Trust,116.30015787466095,31.82825837666797,39.49785213269118,0.10673770101394986,4.4566207,29.773903025441236,79
418,Proud,88.44090310877641,60.593915844797735,46.360444381876924,0.12974155533924095,8.509924,21.700044244166804,57
419,Proud,112.3969665239894,48.719499362244896,67.49735118819277,0.07660573243720566,6.034943,33.36466777733258,26
420,Surprise,143.67774766156464,6.113171635841838,48.8965061156917,0.08809247857796966,0.9621491,4.960233318982434,39
421,Trust,88.15473732461734,32.64526340964017,102.8951740259702,0.07931879783163266,6.3734884,25.567030909586105,20
422,Surprise,141.82190942428107,59.11211535395408,47.50105032826498,0.1477562615955473,5.325483,33.633857733350396,55
423,Proud,68.55013953294045,14.183018079390846,34.396727013483115,0.13530673235031965,2.0126858,8.192071717815551,166
424,Joy,123.08551975477691,27.280803172831632,23.737683943068987,0.12737751350540216,3.4437978,19.504445824286222,51
425,Trust,113.00530496289424,39.34917508973066,31.75733074622261,0.12510825530496292,5.627159,22.74904461577241,44
426,Anger,77.07590182557398,17.807602367870224,29.18749036132221,0.13986567283163265,2.6586547,14.505381410551427,40
427,Proud,110.92565977283773,23.61459887004197,37.146958558342845,0.09100505901765467,3.2843804,18.4550373251573,63
428,Proud,99.17945700698758,16.65438831782713,51.54594054315204,0.0810491995711328,2.4474995,14.827408227537054,69
429,Surprise,86.3524076606278,28.82795834524542,23.51072747986687,0.08736670648132136,4.2031507,21.602715105262924,59
430,Anger,110.95192415654641,29.936362859876095,38.944763034506906,0.12524252658810006,4.108313,20.45530563480597,71
431,Trust,102.02894353542199,18.531779201042117,27.357437687422152,0.10690826623618195,2.489158,19.69860964386824,48
432,Trust,99.06927370043412,18.73353509930758,34.43773569610335,0.1486654694772646,3.3231695,17.929927360590817,57
434,Surprise,114.59048605050572,52.54048298661279,32.56555754976854,0.13287071613184745,6.624673,24.830520276015996,114
435,Trust,107.1359713807398,15.326944474598355,91.73389411715647,0.08434934032206631,2.5410311,6.620815887256524,48
436,Proud,114.59048605050572,52.54048298661279,32.56555754976854,0.13287071613184745,6.624673,24.830520276015996,114
437,Proud,107.1359713807398,15.326944474598355,91.73389411715647,0.08434934032206631,2.5410311,6.620815887256524,48
438,Proud,96.78361715149767,17.42403722503346,64.3089521898535,0.09048054075460828,2.2309766,13.082515563186401,62
439,Trust,94.57808490304603,46.88137250852901,45.08254318682915,0.10593686414297863,5.6358004,28.510688335616436,84
440,Surprise,123.1183387417467,35.437075433866724,34.00260032863921,0.16791599452280911,5.00207,14.240370285318805,34
441,Trust,94.59157628162566,35.66183506280116,40.53562551316487,0.09288673731478893,4.9608793,34.15463951465298,73
442,Proud,102.96120841080075,41.223717686158516,36.37781095685162,0.07404951519802837,5.330471,41.80166010418522,59
443,Joy,80.65635762117348,41.33598463139479,35.32750900774915,0.09673947704081634,5.4840045,25.885700939884252,75
444,Proud,96.83472137260517,6.935773992214074,43.21454023854955,0.08982788746876301,1.2126713,3.1752447670308963,49
445,Trust,94.30050090348638,43.84582473084573,32.07526444924348,0.12757593271683673,5.1842046,26.189582495444476,60
446,Surprise,88.30451809630102,24.396934789540826,21.14133112788832,0.1321127890694321,4.031145,22.123311095627937,46
447,Proud,112.00849892100733,36.17270066508746,47.45950950442299,0.10031804327835786,6.5214095,10.181574145207739,43
448,Trust,68.26373166454081,19.13400999908892,21.385755476061533,0.11926740097080499,4.1807027,14.747959120502673,36
449,Sadness,99.11363879145406,22.865473533163264,27.796436755752623,0.1345296556122449,2.7873268,22.10466090808772,50
450,Trust,92.91107626735288,34.65534271744412,34.57727430920169,0.10533480288917893,4.8662043,22.938686862932236,43
451,Surprise,91.91972325595721,12.332491469109193,24.174286433530423,0.23289090582966143,1.4222612,9.222519852186737,88
452,Trust,82.03132282059458,41.595250209458776,34.40303254704085,0.12524797328787285,5.2443733,25.851069217480358,52
453,Trust,98.47550028156209,21.192095129492014,32.29786150810437,0.13621583939426837,3.1937563,15.678348474789908,47
454,Proud,88.93177795410156,22.094941361961446,28.251607014059502,0.10064759546396684,3.1543376,17.15070635476787,64
455,Trust,86.41205239247988,24.659843920827257,24.49331662964075,0.12069515306122451,3.2257402,22.124301111486037,71
456,Surprise,103.17523832239549,24.523474745943457,15.278878941311515,0.11206070759957211,3.8148615,16.071841368299726,62
457,Joy,100.67892430409663,24.935675675354094,19.222011739513242,0.12803959474414767,3.3632126,21.79114363680086,68
458,Neutral,147.17187241650132,47.61996075700328,24.806547163783307,0.07288751003873772,5.5974092,28.248823290759287,54
459,Proud,101.35012222323952,41.6035943478954,35.055342637172835,0.12975080192968275,7.139372,13.650948156947676,101
461,Surprise,87.68012045874384,33.70203690028644,82.23080307797524,0.06196533031315975,7.4974575,13.043965924331928,58
462,Faith,79.18949009165156,28.15291387430997,44.08028444358242,0.0924372016951942,6.259801,12.412794725685302,62
463,Proud,95.02108858868066,36.59480550540021,46.219744041626086,0.11957933714351125,6.710474,13.270364390636855,78
464,Proud,79.32337422273596,31.465738827176434,72.3456820627196,0.07915387834821427,5.1857934,16.95154783346604,80
465,Trust,84.90850331831952,35.42052189060464,78.74395893387145,0.11256169948448129,5.334737,16.041929461801413,48
466,Surprise,75.96805604926398,35.258817296449834,51.725373162240416,0.08124189737370359,6.215455,13.237740021794645,61
467,Proud,70.27047545580734,29.375607860331634,64.4583280254577,0.06717225952881153,6.067606,8.683264699950197,85
468,Surprise,113.12314882383241,37.50093049090577,33.751694703833095,0.08023475315607013,4.797354,29.605790747894797,78
469,Trust,79.30264967315051,38.738402640885894,47.77429126818323,0.09327595435495627,5.3329287,21.00355945823541,56
470,Proud,101.9173719416744,35.33268708959278,43.86559289490281,0.10139291512059366,4.6224246,26.570423041084993,55
471,Trust,114.55803031661884,39.65239802702996,51.39847065790249,0.12040326384460033,4.252438,29.368697886410125,48
472,Proud,77.07590182557398,17.807602367870224,29.18749036132221,0.13986567283163265,2.6586547,14.505381410551427,40
473,Trust,99.17945700698758,16.65438831782713,51.54594054315204,0.0810491995711328,2.4474995,14.827408227537054,69
474,Proud,102.02894353542199,18.531779201042117,27.357437687422152,0.10690826623618195,2.489158,19.69860964386824,48
475,Surprise,58.216608713798024,18.940442180836886,20.55980962940451,0.11098902451605641,3.0143332,13.782254239311063,68
476,Trust,94.77867649463633,21.025163005169173,21.350994531862828,0.12703591051805338,2.5097175,18.240687757021778,39
477,Trust,99.60914922755482,23.424875045899043,66.39012473572294,0.10969744707584526,3.3512955,15.880659047319662,67
478,Surprise,124.14891866344752,21.347550695625472,41.75457227022931,0.0980747767857143,3.6293705,14.218291040314082,28
479,Proud,123.1183387417467,35.437075433866724,34.00260032863921,0.16791599452280911,5.00207,14.240370285318805,34
480,Trust,94.57808490304603,46.88137250852901,45.08254318682915,0.10593686414297863,5.6358004,28.510688335616436,84
481,Anger,112.00849892100733,36.17270066508746,47.45950950442299,0.10031804327835786,6.5214095,10.181574145207739,43
482,Proud,88.30451809630102,24.396934789540826,21.14133112788832,0.1321127890694321,4.031145,22.123311095627937,46
483,Trust,94.30050090348638,43.84582473084573,32.07526444924348,0.12757593271683673,5.1842046,26.189582495444476,60
484,Surprise,86.41205239247988,24.659843920827257,24.49331662964075,0.12069515306122451,3.2257402,22.124301111486037,71
485,Trust,91.74875347866418,10.27849441231234,23.298923848873997,0.18052025053629406,1.4456809,8.491361569419876,88
486,Trust,112.43833878660158,15.75911901218821,23.65822771352408,0.1613056822593168,2.2653172,12.500349128263705,46
487,Trust,88.93177795410156,22.094941361961446,28.251607014059502,0.10064759546396684,3.1543376,17.15070635476787,64
488,Proud,99.78328735232932,13.671130151985492,16.921845737659616,0.1086435271653304,1.9776292,17.67717361959134,84
489,Trust,109.61550508875425,24.21061069853393,25.621635707588812,0.10581159081936344,2.8646717,23.15211520712399,84
490,Surprise,72.71655719236709,33.598297179767926,25.906816116708526,0.10342768892096312,5.006877,22.549352422314225,114
491,Surprise,188.25798349808667,35.11488743297063,32.75986171754637,0.10024792729591836,6.3462214,19.200771787465907,50
492,Proud,188.25798349808667,35.11488743297063,32.75986171754637,0.10024792729591836,6.3462214,19.200771787465907,50
493,Surprise,94.56126722073893,51.23870607938689,50.046173899750244,0.10039271932289867,5.590449,29.52948639046906,118
494,Proud,101.07852269103664,44.378423188471814,52.45697900260038,0.07407471156076068,5.784085,27.294198485376565,22
495,Proud,104.09407987332864,31.356367678793905,31.243898140862253,0.11933992346938777,3.3332417,32.49312637978132,87
496,Surprise,196.78484565100078,5.340602641202966,53.46417052704179,0.08959570005886971,1.3117776,15.121519993173305,65
497,Proud,142.5083193160077,47.46208296292001,46.533043500416,0.15832310267857141,5.5385075,27.723947653801734,100
498,Surprise,102.05249916334107,39.592086455676025,48.53478486896805,0.16448359201353807,4.8126845,25.913903711075427,101
499,Proud,97.29675811414093,43.606111419310885,44.17789954277427,0.0848976467698566,5.1347194,29.5447082827006,74
500,Joy,86.95415410482374,29.43388273278061,58.20254086858482,0.18053361259276438,4.6009274,18.683926878803238,33
501,Joy,97.36908083545919,25.25717873086735,39.45051548065111,0.080319582760989,4.448729,20.692813179861293,26
502,Trust,103.70559533667297,18.253213279420375,26.49329709400907,0.13210402608624094,2.2566004,14.734426283355532,62
503,Trust,109.13912085638329,25.97296448320095,104.77890143723361,0.18908117583409767,4.633174,12.55813685121092,89
504,Trust,72.34586579051263,42.51024010866366,79.85404498134359,0.15837338283527697,6.24825,16.94473369981484,105
505,Trust,90.03177471039645,47.13807696906888,63.382672151655825,0.14124184509869522,7.528477,9.048149690029257,61
506,Trust,77.74420895590379,31.86652521585557,89.85763279415748,0.10087064959912537,7.5798397,3.054245982779097,14
507,Trust,69.20381545096853,36.119675294686836,30.327338584277083,0.06370828919491525,5.5010076,25.043042539457705,59
508,Surprise,110.11020142431971,40.68631738315029,50.46453020074738,0.14019185799319725,6.297852,22.922256819386345,60
509,Joy,114.29776261633126,50.18420029420966,87.4954732564168,0.1337455120937264,6.5377502,18.980526798906556,54
510,Surprise,91.95099834788442,4.316766036184211,43.53417273696744,0.14259152610397607,0.33242506,2.394842421587142,58
511,Trust,64.90358845953155,29.28978122010523,46.38250551015109,0.1213709560528757,3.7587523,23.49749126958849,33
512,Trust,109.38614397321427,31.03499196342388,51.3309870587262,0.09861208545918368,3.43962,29.94041698670026,75
514,Joy,108.29418382776495,28.96622627481699,43.50038490604809,0.07139556931643626,5.1162233,23.42167227887329,93
516,Surprise,100.23705846559352,49.56239830667844,52.88525016427435,0.10218562306251616,6.956202,23.280482975337407,79
517,Trust,64.15875361152985,27.535136320153065,41.81685276802446,0.09231142741187384,5.49807,17.4329114411691,66
518,Percaya,108.13305037236667,56.41322348611577,44.885830022084036,0.09637527516046741,6.666375,28.456402610204524,62
519,Anger,109.46839812033684,46.692343602692425,27.751499656422375,0.08510816120803161,7.2629023,27.928656548727535,93
520,Trust,153.0469342785191,21.298874341627812,57.36344996792923,0.12784639096023026,2.1243284,22.40449215365056,117
521,Proud,105.89632247067644,35.155810712957056,43.266177281142106,0.11788237363244267,4.9642553,28.97982901256438,97
522,Joy,119.61193886408732,33.12211151577906,41.57347882237193,0.16122094671201814,3.8945546,25.30546855970586,90
523,Surprise,118.82338723249714,32.02950552602326,61.57500945840515,0.1491081393494898,5.411806,26.36430898670042,180
524,Trust,105.81787129711579,42.429352844653486,43.8666066344684,0.14696228459496044,7.2576942,17.80796152162564,49
525,Proud,127.19043791723779,33.12007164779975,47.248463312838226,0.13133600571758552,4.1828628,30.526403942927313,201
526,Surprise,144.67759395185828,31.605584471691905,43.549470126900665,0.09768961878042501,4.128331,29.250887365410396,218
527,Proud,92.36791396722562,15.369837431500377,77.00121845593513,0.1520870924589348,1.326688,12.335148327394391,82
528,Joy,86.32760682397961,21.696120817513055,72.1722730453785,0.14195758203849723,2.4194486,15.926427912694768,44
529,Joy,97.83223520948198,18.582231358625766,72.92309754200281,0.1585599335500329,2.2947438,11.619659499705824,124
530,Proud,44.87161627435064,3.0662389489912942,21.44313321122544,0.05120974170918366,0.2830068,4.3443931860584835,110
531,Trust,106.31689688407916,7.471710070063866,83.41511459290463,0.20817693939554988,0.45380694,4.78226966118497,144
532,Proud,95.95919117394942,6.253107972978594,42.62188669065527,0.12732343441408822,0.5753484,10.16490993753017,93
533,Trust,94.97161075367649,6.965513060693028,44.14986220338671,0.12941293704981996,0.61396784,10.297029169870008,85
534,Trust,94.13178545944507,5.487765874040732,48.848157872554005,0.1362433741426899,0.4902446,8.422509181561887,122
535,Trust,130.88458625637756,44.12993488726136,46.914372935182215,0.13794427741334633,5.434692,27.497951424173674,63
536,Joy,98.43460305439142,11.257434192004503,68.5072310954403,0.1365329753553207,1.5761958,6.626769504479967,112
537,Bangga,89.78702738717438,10.470863053853714,75.36510889379757,0.13801856489547037,1.2865378,6.912893688126614,123
538,Trust,98.33229643419868,11.155130508656864,71.26841251627495,0.13323641956782714,1.4027156,8.210678705030412,170
539,Proud,113.8481002639938,7.816953256575689,68.76675139038842,0.11828306668220173,0.9476609,8.281824530458085,104
540,Trust,96.216222666705,14.30556507210322,77.21353336386439,0.13261581528103042,1.9386926,7.179649310036432,122
541,Surprise,102.19058584777254,9.108535260231811,73.19179012626998,0.14564956461480696,1.0491704,6.944029529685402,231
542,Surprise,160.63286443541395,24.90459878258234,47.81256826828673,0.16213548997185082,2.6130605,12.328911627055549,203
543,Proud,90.04202818324394,19.91161626538502,43.13377769385121,0.1137365859928155,2.766325,17.811759375633887,98
544,Surprise,83.4064319402156,47.785749495110544,55.407165889226725,0.09806063302337066,6.716268,21.28636588035594,31
545,Joy,123.29597123680202,16.031899263886892,52.582036742833296,0.12429304404053289,2.0826688,17.409353087742776,72
546,Proud,109.3987364477041,41.31971203299868,31.009681888808,0.09487043108258929,7.2948337,15.99763792520054,32
547,Trust,80.27076519598383,45.93350096402385,51.42178677548401,0.07737776185720999,7.139052,20.1466360597981,152
548,Proud,94.34672773266672,53.05897995811501,50.1812022336593,0.11672217366299198,7.2789693,21.505521016326213,112
549,Trust,180.91839838522503,13.776128029336734,88.11411338735262,0.13507731473737036,1.1756536,22.020151045242198,61
550,Proud,165.08024248852533,23.916278575383643,51.78680938985782,0.10162198174395241,3.0616162,24.74679451414579,259
551,Surprise,146.41742698354852,26.57623830782313,59.57531583673268,0.15932326374427322,2.2880833,33.50002684433125,49
552,Proud,168.12009858630955,26.26590814127375,90.64412386815701,0.14965919961734692,2.7326536,30.167945082504612,30
553,Joy,136.54405426232992,21.288649806340217,65.14645845910552,0.1431169555890538,3.4902039,16.416654196721083,165
554,Proud,179.17672276345883,18.465149815506557,79.53977331055391,0.16541772959183673,1.7038873,13.959601012553525,29
555,Joy,129.80736308195154,23.732825497726267,64.63872543508761,0.12389715786637931,3.6790247,13.767899335053784,116
556,Surprise,92.45988942451982,45.26574725622525,30.931215011797416,0.09484350380777311,7.0767674,21.905320802996897,68
557,Neutral,104.58113265865556,26.727522483689274,35.64687570278548,0.0818812516783029,4.9080143,7.172660998606232,114
558,Surprise,109.87391402951266,21.401074467873084,66.30478429268987,0.08911926570197046,4.107982,8.918689863071162,145
559,Surprise,123.63596105671999,31.38969608795222,37.84952920276137,0.1428126149108292,4.8853073,5.652272302125058,111
560,Surprise,106.66559228464955,22.407737190620928,36.21284674139981,0.0781177374286579,4.551892,11.904643606820438,236
561,Trust,110.58053903424505,31.349165808150182,38.03648340234081,0.11182965076853525,4.63724,8.757763108141349,79
562,Proud,130.80687538306717,14.266627261513158,11.340543786481625,0.09467557315133845,2.3702679,13.82019934083489,77
563,Proud,106.53061537993007,17.706064199472404,36.25750892001718,0.07510484443074984,3.637707,9.684175902989745,89
564,Trust,109.44398738180735,34.822923309948976,46.03156202929908,0.1267371461152396,6.158373,8.078628018538643,92
565,Surprise,114.13071346883659,20.753894541214926,39.989954352883146,0.1590133593946838,3.4123282,6.549570993404917,81
566,Surprise,131.47278669990723,19.89983406557067,33.39601502255566,0.08244470373376625,4.666756,6.140416725029298,55
567,Surprise,124.72494397329542,20.706863524068744,37.239576709605345,0.11716087615866956,5.090352,7.065595619317994,393
568,Proud,102.02245184669262,25.314994630664767,39.474809540644365,0.08329172540726817,4.640868,7.922825449011473,171
569,Trust,113.80184367692391,36.142011212967326,42.39603186714977,0.17687622900722788,5.159978,8.503815660964232,120
570,Surprise,128.97331653449422,19.854165268080923,37.52701048617135,0.09319109777062999,4.315938,8.388919272051648,115
571,Surprise,120.62579532013127,24.733083167938513,38.61140296363315,0.14772309164050232,4.1588345,8.3520427954622,117
572,Trust,121.48359188988094,15.940555018148201,53.38609285249638,0.09326929209183674,3.8660038,5.535627167646484,150
573,Surprise,126.49136956281237,17.569932189209446,42.190974641995936,0.09777420215535196,4.5232897,5.037229016197734,98
574,Surprise,147.2833545918367,26.8697039482247,19.172140502577847,0.06606704400510205,4.809827,18.026971196126084,50
575,Surprise,109.16826743546926,27.57012941113946,40.03273979777028,0.12118579442467779,5.1353545,7.680204801961396,76
576,Sad,143.27689540816326,14.06766633064516,16.583835367068414,0.0839140625,2.2170994,11.659728708490253,125
577,Trust,115.95316460198033,24.353498542274057,27.73380472766588,0.11091088678197572,4.6645284,9.713156516948692,232
578,Sadness,104.88929614046765,25.718407870960885,39.06788132565053,0.09647368772836645,4.901712,10.345807285986549,229
579,Proud,106.86000404788734,28.618303180647256,39.75900571897067,0.09672535200366553,5.45869,9.957566876879486,103
580,Terkjut,117.9453888474187,22.437267552392793,47.77622255337554,0.1229743021735209,4.293186,8.277669009560322,396
581,Neutral,110.79862900771106,23.58130189073909,47.370890838904884,0.11285692544063078,4.65122,8.204027870974997,110
582,Joy,110.71982621173467,31.12166093384075,37.40307563407392,0.14469872500411454,4.433907,10.848150275038781,62
583,Surprise,115.97099525459855,24.940170599489797,52.451695410480674,0.17535223382116005,4.633815,6.900699698630778,114
584,Surprise,116.25271929763753,23.274501998579034,35.91191237160856,0.08522834405501331,5.6814065,8.169340904919196,115
585,Proud,125.73198640784439,22.2791407857786,19.175842092453877,0.12665401121386055,3.3006485,11.550521862406528,120
586,Surprise,126.30984043857929,18.510731836339186,13.544323064796817,0.09906590340463108,2.8236222,11.034432269139963,130
587,Proud,102.27384401777537,26.664110124569312,36.022387948655144,0.10445539393642071,4.668674,12.397221127584839,78
588,Surprise,102.31349893024871,27.892288958815886,38.201558452265,0.11195905397709542,5.2969737,10.793678557950484,327
589,Surprise,122.25777937336251,41.713163909613506,40.38351321018374,0.09593797400717044,6.616119,22.215800998476183,74
590,Surprise,155.00417530293367,10.202194202333713,41.78732478263139,0.09134062386115162,1.260454,12.616974360310687,28
591,Trust,139.76794078782086,17.738044851354,27.460299332357316,0.04207855017006803,4.0583863,7.132778145726091,66
592,Surprise,133.991880010933,41.788886648409374,40.653628344605416,0.08222314595481049,5.236361,19.955428823701162,35
593,Surprise,115.40120423169267,40.51550791214923,31.32671841480466,0.15635551095438174,5.3568864,13.495013691061047,17
594,Trust,119.92968678821975,42.11301847127739,49.632599772930824,0.0684704127186589,9.203308,20.179251032814914,28
595,Proud,120.63783170738998,36.529036501193225,54.917881127490915,0.09437405333227042,5.9994683,17.950061106999303,32
596,Surprise,155.45255186591683,49.97353191764987,55.00436843594465,0.07017419894094001,8.918741,15.418556778891196,33
597,Surprise,130.71162667410715,39.53955911924719,60.53468895535794,0.05724728954081632,6.3223634,20.402064077643605,50
598,Surprise,135.22900274753795,37.99393800488946,47.98218870459949,0.11978996722235406,6.134342,21.7347680656103,43
599,Proud,115.27779824772895,34.46149952168368,49.458185628716706,0.06784994866849178,5.96963,24.45608398879523,41
600,Surprise,122.93345015289772,36.966312265037594,62.71143719352344,0.08922899087519622,5.7453575,24.9089814422162,39
601,Trust,117.75449007728093,42.05415058992347,51.24821519150785,0.08807351065426172,6.411455,28.577433370579463,51
602,Proud,121.02410415338011,29.79035947311617,82.86907160635263,0.07957738759566327,6.0664077,16.601132841554836,40
603,Surprise,111.91477460876179,17.67696348852041,36.77980288371617,0.06574243279042387,2.820669,8.708115189684467,26
604,Proud,135.9286285607993,43.51022310557745,55.30584357631041,0.10206783234126983,5.3469615,32.98148838144571,45
605,Surprise,123.25855527006479,32.622394270208076,57.19239458596394,0.1024321312058477,5.4134994,23.049800795407833,52
606,Surprise,113.22196217141745,39.15202088647959,58.83020567721953,0.0842161677850488,5.986943,24.726186545787055,46
607,Surprise,112.47885805600646,40.273616868622454,49.34125040456297,0.09917046541628015,6.3158755,26.563318520639417,44
608,Surprise,126.2688372825092,33.734346678638566,55.74738565342103,0.10026910403584512,5.877684,19.16555376346441,39
609,Proud,120.59148524466605,39.78763004225127,52.802749623614716,0.11513472576530613,6.532983,20.57420694467683,33
610,Surprise,162.68424047353315,27.798923686060963,32.09661526424454,0.043482441804846936,5.6707497,13.141479134550423,40
611,Surprise,127.58001660242905,31.31706880668934,57.632447931034,0.10706227124001774,5.4190516,19.746200329143946,46
612,Anger,130.82245667663616,44.53222229181852,56.80629374171415,0.10408809267241381,5.6872215,28.94065456334773,29
613,Sadness,126.16294349771158,31.169277278308716,41.55994678725732,0.05827252776110444,4.906975,16.90278441799385,68
614,Proud,123.03765502189052,42.46241784474206,55.761178522732244,0.13533982004964148,5.2193084,25.9304346133924,37
615,Surprise,138.6588375584609,46.944628804911794,37.043214436327574,0.07641070099914966,7.1318116,20.643410381423973,60
616,Trust,123.02732514880951,35.11091230056642,60.449053421368696,0.09713109853316329,5.084469,23.986860881720496,60
617,Surprise,135.65735523999004,34.6327132936508,60.09466623669103,0.1065103011313221,4.9397917,28.077584938762257,46
618,Surprise,106.57218619032433,51.98757330717613,44.83590122726183,0.1572444993622449,6.708177,25.655427100907996,70
619,Trust,123.20754000463823,33.53338839876228,56.74902921148204,0.09625572530148424,5.7404137,23.598666182941283,55
620,Terkjut,100.8831114477041,38.319259377722126,52.56934477526026,0.10652743307413329,6.644457,19.450893097127295,83
621,Surprise,112.69642772334998,38.63613821284562,53.99789458059479,0.10940319861322187,6.8298917,20.684985469269265,94
622,Surprise,90.96914083206336,44.2273853928907,75.54996229814031,0.09994119401007157,8.294629,14.061032369872494,77
623,Proud,129.9542939288487,42.53726324514181,38.26651924442755,0.08911154475377107,8.040035,14.532957593605172,69
624,Surprise,121.01093177655676,42.679220830986615,32.72257577899571,0.08521236018445841,7.619916,21.481853961399022,78
625,Surprise,115.35379372301804,35.583431944555166,34.97234391253601,0.07632426167582418,8.032795,19.14266964625209,65
626,Joy,108.33641702419604,39.91237033143335,43.919713250757084,0.16272538845083487,5.9953866,17.43759679589515,33
627,Surprise,114.46804298051187,35.50642505048894,59.02072980382481,0.10530408372365338,6.8186812,13.00898021717462,61
628,Sadness,100.87348218481472,46.43020638780065,61.61255640025854,0.11027603886949516,7.849326,18.267669930766036,57
629,Joy,102.85977299300401,58.743065658880745,30.85346548082699,0.23952233592300556,6.8564453,10.036245034452378,33
630,Surprise,104.1601295968312,36.70368570923034,40.89868385102286,0.10697213279136955,7.5340567,13.813810712445495,83
631,Surprise,129.48524748441042,58.18677613291779,30.946450133921868,0.14701288501511714,7.7196646,14.4663601370575,54
632,Surprise,146.9631847544993,30.65536777210884,28.324699419383876,0.06839813964734244,4.854169,18.9380409001523,91
633,Proud,106.13881287866711,31.428477833973776,35.15164351298306,0.05606564891581632,7.191863,18.809248667556798,80
634,Surprise,142.6885649868784,32.8425701994097,35.65223214869635,0.09553062873856438,7.081806,12.570188301665006,87
635,Trust,98.79886513757289,29.43267793751536,29.13918506752671,0.06994688221270652,6.878958,13.13872354812464,84
636,Surprise,127.13457887495277,18.97390694190412,44.934233355990195,0.09887307787698413,2.8852098,15.002254911390386,54
637,Proud,79.8367168939379,18.481429521928963,25.13547254377224,0.043759402019395544,5.1627326,11.737333412994696,131
638,Trust,153.315923254492,29.221276545157533,36.532005226624484,0.05495559976708073,5.449905,16.552385291690396,115
639,Trust,92.11070175838192,24.649828131293635,35.039361103760115,0.06522831839716406,7.421856,10.68653372371146,77
640,Trust,90.07356106505102,29.67566373262667,58.97301082739488,0.06671383397108843,5.306032,23.360436958740603,30
641,Surprise,98.12958312665344,40.59071916852679,50.07357278019129,0.10726194412950366,7.551158,14.866238277124697,81
642,Surprise,96.64895338898877,37.70101542570153,53.11605040221824,0.12236501285965205,6.5732107,19.33251299582406,61
643,Surprise,92.66666926621193,34.521273646177214,30.220513950282356,0.1089096813997338,7.5245104,19.380495385749825,69
644,Surprise,79.12640777191558,28.081412497775272,30.794687434624393,0.08652678933789425,6.0921874,15.600265631733674,44
645,Surprise,99.80828963529856,37.577513191302465,85.51077209241669,0.08087125909391536,7.3533,16.10613114927874,54
646,Surprise,59.237193597056866,29.604960350885637,47.31133509201923,0.09315321180555555,6.0640035,11.6080372345995,54
647,Surprise,84.06102679857226,31.269415918262798,51.65861444529083,0.11995228408903884,5.562236,17.4415325079395,62
648,Trust,104.2407702352508,33.07992153334548,63.10443425749234,0.07775110484334578,6.8247323,19.531781671381125,71
649,terkejut,93.01340761040618,50.26190441225832,60.874036476631204,0.13935026628346145,7.636329,13.790711963050743,77
650,Surprise,95.41272221779336,42.60049236855759,65.91837367559333,0.13947438350340138,6.299414,24.379935895141223,60
651,Sadness,52.37447082820198,14.688879430120263,108.38695002893762,0.037321730955313166,2.4710102,14.788116789690038,29
652,Trust,93.92048265335376,32.7935967247142,63.737669501657734,0.10239187418086501,6.8700147,15.795116240015103,109
653,Surprise,119.92119822731027,31.457317100947524,38.88941811732441,0.08646774620939925,6.227528,24.842697744178754,71
654,Surprise,91.70213827718587,43.91758808992348,38.626590658526375,0.11561108818527412,6.9302278,25.5217607835966,51
655,Fear,141.7263313837048,37.378374194264765,50.49236745673801,0.10594881455871823,5.3476424,32.10162098524282,57
656,Sadness,148.86361760987293,27.600036087258562,44.132610401773285,0.06852895352219836,3.82503,25.697458086989204,57
657,Surprise,144.00687579719386,36.54161411532896,47.13447099288313,0.061019036520858334,5.051917,33.76522332252791,68
658,Anger,134.28830831263426,32.91516647116436,63.15305514126598,0.07523552184031508,6.4155583,27.25607201690421,57
659,Neutral,133.44397252919725,23.77659717160674,45.699624738199624,0.08393610740194515,3.6419954,23.032192459589073,64
660,Trust,128.7909919153545,37.18230775040279,72.29629590207212,0.10875030238388458,5.834528,24.787792695754533,58
661,Sadness,143.21290501877837,20.67606823979592,72.54139802169725,0.06704954117063493,3.3295012,22.31920922747256,36
662,Fear,140.5298787553526,37.74971699617347,65.69691810021324,0.057850651421282796,5.767945,28.316034805213754,56
663,Surprise,135.46438885998478,37.137098840652335,41.35472089280825,0.07923792461063374,5.90897,29.388827676535488,57
664,Sadness,127.9569996539012,10.2638009289269,103.1179539200336,0.05322176507798241,1.4176188,18.629447970693104,123
665,Anger,114.66924565878982,38.08779524644679,62.98636573402037,0.09072346043680629,5.0032296,29.099219155848193,57
666,Surprise,113.39528019266918,37.31652361465419,57.986451542660284,0.148476310754565,4.4722257,30.73131171754382,19
667,Surprise,116.05433892306924,52.45562141262754,55.08629982997273,0.1977314363245298,8.814724,11.551306741576171,51
668,Surprise,128.40331154336735,28.395716059063933,64.17974649122438,0.0507210618622449,6.307302,15.735728026600777,50
669,Fear,107.08271786537195,33.8406190537178,49.610904368813685,0.10101121471774194,5.287272,24.416590704421058,62
670,Surprise,121.67648170107888,24.21513294480026,48.99487222443031,0.07265716345131802,4.8520494,23.228099815714526,48
671,Surprise,127.20582994667282,32.83349219443212,59.58121154068233,0.09149368690295265,5.450522,24.58453414220799,47
672,Surprise,110.22055787869125,26.81147867199764,42.66111204287347,0.07910367627164504,4.884081,22.073011167969202,66
673,Proud,103.2107699541681,19.892727255233996,41.27172013294973,0.1385502691542719,3.1588976,17.06638176641555,59
674,Proud,94.09111613395356,33.21125637755102,50.28032572703502,0.09774026798219287,5.957159,22.764822814045665,51
675,Proud,127.02434737416601,32.7053930947379,54.08145744604746,0.13188346251962324,5.1504917,20.352536125839894,52
676,Surprise,186.43749240767738,16.381163113532672,31.38445911463012,0.08052265549076773,1.933415,28.814118755672368,105
677,Surprise,102.30640796569988,35.720203993055556,73.44480600721235,0.08675462372448979,6.247496,22.172522457870823,46
678,Surprise,131.2580565466163,40.60117923371271,67.37319253137225,0.08120397333461687,5.5049086,32.30351194870692,53
679,Surprise,131.8819186463648,32.31554313432103,46.166854065446095,0.0951675103635204,5.535449,20.359175798641836,40
680,Proud,220.3672115929705,9.789634148511524,27.045147588687612,0.05940910218253968,1.3992243,22.06374789258003,225
681,Proud,208.03621961805555,14.97147042410714,50.93842130808427,0.06984304138321995,2.0407183,20.724684106223908,45
682,Surprise,72.12759415624126,10.515051463293652,31.52177592846115,0.06673086079466033,2.1333537,16.342634730313318,73
686,Trust,131.5099529655612,26.94896145343671,37.82259725830494,0.08145239866780046,6.5543427,16.179318362048534,90
687,Proud,138.08720867762867,26.87097505017632,25.83991236347638,0.09950597086660752,4.5715604,18.023386750949904,69
689,Surprise,115.23417071906889,32.69997761724882,39.922162694696965,0.08114536830357143,6.5775723,17.472123790116036,40
690,Proud,111.64833785076532,35.71446298502954,30.7871007056638,0.04037122661564626,7.5310097,11.241093202515605,39
691,Trust,170.20481811002014,42.21287164419339,42.928125418362804,0.08966577183198862,7.589117,16.648664441744565,43
692,Trust,171.36256237692444,30.611344495945698,34.98539040051803,0.09990202906820624,5.4633536,13.908509999352685,57
695,Surprise,129.42871882639773,24.71111644904672,48.51618954878099,0.057686319156568876,5.6022,11.899049210806476,96
698,kaget,145.42018531134045,42.229605123299315,38.244640487194076,0.12273741883116882,6.5009885,22.149147992667253,55
703,Trust,134.20429998171144,38.90661974327977,41.80824034363046,0.09613806460084034,6.2960954,19.780207214930606,68
713,Trust,53.420539189233374,22.15859913364697,21.86166814626331,0.043436334870486655,4.6559916,22.80248947374667,78
714,Trust,32.00590477076246,11.51635784894315,23.650152661996316,0.04835811277636055,1.8904526,17.867889809618358,36
715,Trust,85.95005321527961,18.13215769963413,39.54601271727007,0.08523555526106548,2.231217,18.21061848519588,77
716,Trust,83.03610174538565,21.888561354939707,62.25749571890559,0.07506635466686673,4.175376,14.443463799275253,34
717,Trust,60.87689831792092,12.087645772594753,34.550375505091125,0.13313885124362243,1.0064651,2.2578416494701674,8
718,Fear,65.36974045803218,34.358667069380566,40.38466745307098,0.08564076672335602,4.1695166,39.99856799525263,72
719,Trust,75.24798775725178,3.3146549147002546,60.87429683935539,0.08463041554402659,0.63071287,2.317133196616798,89
720,Fear,108.30881602315405,9.40367680412834,32.84990008751907,0.10915494127338435,1.3987114,10.46053267619637,72
721,Fear,142.43123120900145,11.17828068727491,27.76009292419432,0.09279906158892127,1.6533247,14.056122602466683,35
722,Fear,140.73085970716414,18.322232858980453,23.03837757218449,0.1389239875637755,3.4233377,4.100816650760279,60
723,Fear,148.81632562471015,9.334183366856356,103.33297822185682,0.08642064780457638,1.3415614,9.193503192258278,66
724,Trust,166.31147284635006,5.552605417166866,12.918408949163048,0.08414304724293563,0.8373297,2.6041510447331597,52
725,Marh,55.280014860511514,29.828151747952468,31.83156571221738,0.07186089580062795,4.6258864,19.444188370299358,39
726,Fear,49.99995152199393,27.31049118063321,34.388790008029304,0.07189207503102592,4.6993856,18.437311392706807,74
727,Anger,42.81214436870527,18.873544596703812,34.955928344272635,0.06307615375695733,2.4974973,19.224536134096738,77
728,Anger,79.6010425757474,28.039878911944243,44.45485388992387,0.08549729513515934,5.0582275,20.91583487590879,57
729,Fear,62.18609941282548,38.028750227769684,29.020587855189632,0.06835525158339197,3.9785006,46.92385109477418,29
730,Joy,68.7106163447522,29.66065332382953,27.99777834932239,0.0682392264941691,3.6503193,28.34520682780911,35
731,Anger,62.80452165520226,24.5982130851211,24.409628342074306,0.07380923909742469,3.6113653,21.17070629545928,84
732,Joy,100.95112285834942,58.35612532773525,35.74960374601031,0.06729447480005517,5.362319,52.25164564085401,37
733,Anger,67.9259326219327,11.740363318708507,42.260628494503436,0.0805298681972789,1.4796703,11.198336618307017,84
734,Anger,67.26647853875346,27.163584183673468,26.135742189779183,0.07268341364323506,3.3965626,30.91807148467418,162
735,Anger,39.35016953656462,17.713716636358935,25.614307135828238,0.04535289115646259,3.5579991,15.08531271420437,75
736,Anger,59.884761306866494,15.380320431744124,33.4863330686916,0.06944787680697279,3.3788812,11.631960491657079,120
737,Fear,81.02598582718561,21.43437710370607,29.45716044230897,0.12641017133204632,2.6613648,24.8879880069673,37
738,Anger,99.87370834661989,11.624612877821585,31.329342679608718,0.1268014588647959,1.7504824,11.68823283383648,100
739,Anger,65.88663760705177,3.2460826778628125,85.75139154551569,0.07224142447157435,0.45661807,8.55633504186287,28
740,Fear,77.75222265245384,22.619635468516677,25.282450603755105,0.06013641505709427,3.1429813,31.73911062835349,42
741,Anger,158.1073506969752,29.26921188635515,22.97323036323172,0.10166025115403306,5.5703487,11.111590736327832,42
742,Anger,69.7455810546875,30.565816066140652,32.43215748679282,0.12261100924744898,4.317299,17.22865957963039,200
743,Surprise,129.13442668818743,15.545268628284646,39.5898029301312,0.11822941686820831,1.8362945,23.276593123502085,154
744,Trust,154.75309622457715,22.05077294589711,28.19319993216677,0.08978641756360077,5.734607,6.911533128134215,73
745,Bangga,112.99589742613465,30.922369924532312,41.36518727373947,0.19994276861864146,6.1964984,9.468450399640734,67
746,Surprise,130.75325978990733,30.673242280196963,44.868095171237975,0.08972737802017357,4.3292465,20.927535352304268,87
747,Joy,95.29609014364674,30.16126910693713,41.365865252829664,0.11468646238257209,3.5995295,27.92858682650295,63
748,Surprise,115.37637807054,18.137769143523887,41.9981816412814,0.15958477843384544,3.1925132,13.249212823798537,89
749,Trust,129.7587454796479,15.408617444373585,35.47834202279201,0.11401931136465576,3.5061648,8.517943407903745,91
750,Surprise,98.35132700709593,9.998725880250356,79.37327555732035,0.04934790457131128,2.5238442,4.083076027162172,87
751,Anger,108.56474285514987,19.735806417107984,60.548791617360806,0.06682502590880103,3.410772,17.29309956995116,80
752,Trust,121.26959141557566,22.24165284352924,52.411820600814046,0.15271188811609548,3.8455737,7.985994337717588,53
753,Surprise,110.30269608871508,23.737206115554333,35.510049449169244,0.1147969673066595,3.943538,14.926489271891645,38
754,Trust,99.79252317556487,36.35225513439072,34.3587283555487,0.09871110832725949,5.1776867,24.804751865984272,70
755,Surprise,137.78221789734917,18.393569302721083,40.79068871818763,0.10431585168034606,2.8506584,16.431265720734398,46
756,Trekejut,118.01602737673734,17.60860892465539,34.344872189225036,0.12518280480295568,4.2885833,18.67150478800035,58
757,Trust,131.703951297781,12.352939266684496,42.87676729824217,0.1276266272878199,2.6398273,5.455109737421631,63
758,Surprise,123.8927691193665,30.900275661251342,51.35667095346361,0.13277305551126703,3.803006,27.75593227754981,96
759,Surprise,142.31886180398084,13.715945123166454,43.546144416978315,0.08399446294721591,3.9875076,7.870560748296769,81
760,Trust,124.11022367931547,19.545602192148046,71.35014110433154,0.14018886851615647,3.5625913,8.77734314753458,60
761,Surprise,112.91010801071138,23.628345694420013,62.63712161830336,0.112343641291744,7.139011,3.8752976091464926,88
762,Surprise,155.36229878236014,24.185430534518495,43.24783270581761,0.13375953680083144,7.1613035,7.7982574227821475,81
763,Trust,140.16460123523092,22.113367329977205,51.26198211031622,0.17398357780612242,4.359404,8.442949168733165,95
764,Surprise,103.39233546564742,24.622122730727565,57.482715506277245,0.13107537144925538,4.291466,8.981055625535223,74
765,Fear,138.38533097673405,13.276701651213374,77.62368729626505,0.13718092062774478,3.0279589,6.710591387680843,79
766,Surprise,130.52670887137072,14.075664494313353,64.48280303016179,0.07322595597517358,3.012746,7.277383615624277,97
767,Trust,98.99740030477335,17.668892080521722,52.182007919044956,0.1438034273204474,2.541737,8.18967174291631,156
768,Surprise,67.68601825920585,23.807170385243943,33.968574617419364,0.10423569903504881,3.7817993,13.861307736203118,161
769,Surprise,66.87059736578455,5.519910401497839,37.16465389985838,0.10939955026128098,0.67396814,5.05019465325606,289
770,Trust,118.50228846633763,18.563741563761493,63.63871227651005,0.06756088134982254,3.9700122,8.833527953996676,92
771,Anger,110.19591139190052,25.638193558673468,32.78956271215121,0.1276108099489796,5.471965,12.493737578376896,20
772,Surprise,116.17256685040088,30.079483920304234,56.44654430233728,0.14072820813593295,5.610696,12.795011255805534,28
773,Proud,135.11630798718946,17.87248974518785,29.205939527224697,0.06853874362244898,3.1712189,23.87556227230892,23
774,Trust,109.8606051526214,46.38264332804342,44.98092118841126,0.14174794378958477,6.415487,21.323138643336563,87
775,Trust,110.82445838268342,22.625119579081634,27.010527609653927,0.10229373557458696,4.5951986,12.406938089413467,42
776,Surprise,121.190856333853,55.29807692307692,37.42820990105358,0.1288582707388511,5.2204733,22.75413560614128,27
777,Trust,110.52988861027363,48.700532274541764,61.040088864760676,0.14524655032467534,6.1491275,32.632202043022716,55
778,Trust,119.67931970373375,48.24610134232263,64.42929330195008,0.1379217880333952,5.39883,32.63978495593067,22
779,Trust,114.23516679621066,45.91672928313612,69.29979983308506,0.15958658854166666,5.796256,34.56058564782703,48
780,Proud,101.2550926003625,39.36428881448413,69.86652994216998,0.11715603182062302,7.84277,14.52543592588202,19
781,Surprise,120.21731172937926,22.40202660547915,35.69048918598212,0.06574939546130952,4.6215515,10.527002305004183,24
782,Joy,125.83884290515775,41.6888204682309,56.57558893865695,0.14226451625908984,6.3324194,20.426009757062964,87
783,Proud,121.32053341728641,51.49769878991467,67.83180798142618,0.1480763981969907,6.5783324,12.428387370196347,59
784,Trust,74.34421825465623,23.016936852866152,63.329297032886466,0.1449252030909451,3.8430355,7.563028937790712,103
785,Surprise,145.33074532192134,4.062100012606787,26.581207233772318,0.09040495637175323,0.42991066,1.6307642102693622,44
786,Trust,115.52832584856861,47.032240316901415,49.50293951162978,0.12055342970521542,6.68705,24.496753410399304,72
787,Surprise,92.31811717669059,60.54352987827674,47.660472886678846,0.12249390619595296,7.5621715,14.640109046488543,59
788,Surprise,73.40711805555554,47.13139105188447,34.86092613677567,0.10937373461289276,8.112446,9.846807964239133,63
789,Proud,122.69502170541514,37.554715971209916,44.21609699233247,0.13709741709183676,5.6954513,23.82775877224872,22
790,Surprise,109.75840003188776,24.223578005420915,38.46064903376892,0.07298549107142857,5.013621,23.31533861057583,25
791,Surprise,122.1849273889243,38.221760758063816,55.66501674726605,0.119921875,7.340512,9.144595953407276,60
792,Joy,113.44966017490773,31.327385862633097,58.320165330940554,0.1708522172166739,4.948486,17.99316293463379,47
793,Proud,111.98808250322189,44.54250621146897,41.327166979358665,0.17983266376403503,7.233017,13.479140050569235,289
794,Joy,140.44620117367046,23.871276365113353,36.15842363722375,0.07043836326760433,4.1978188,10.619014944966276,222
795,Trust,119.28899088766865,24.07650625354309,29.469661778719768,0.08778033525380488,4.767505,9.547670892423604,118
797,Proud,53.29696592992665,20.280817055878202,50.134565602213875,0.12245271643813775,3.9954484,6.895256497696401,48
798,Proud,106.58444546800202,23.82192457549426,28.50179559796323,0.057659507668808264,3.234293,32.962362114382245,81
799,Surprise,105.71138552295918,15.936187121332907,33.058633158069746,0.04939732142857142,5.0238004,5.744045062878853,25
800,Surprise,81.33866173784328,33.87856868821747,44.89434366854178,0.10883763227513227,7.695868,14.060287176940983,81
801,Proud,77.98645725379997,43.35666097442266,31.709270787824078,0.07868531934258077,8.444372,18.582360429592285,96
802,Anger,91.74443317187732,32.721709582270414,38.47232273944155,0.1403523829696112,7.5013967,11.06581779812947,137
803,Surprise,62.53364948484782,18.86866091008772,24.027832815607773,0.056223472686488384,5.7500706,9.882463795756358,58
